id,instant,player_pseudo,turn_id,move,accuracy,points
158,2024-09-01 09:19:44.918407+00,Ignatius Perdu,1137,g5g6,0.87717116,224
159,2024-09-01 10:53:58.381531+00,Aeronwy Dépressive,1150,h3h2,1,256
160,2024-09-01 10:54:17.146353+00,Aeronwy Dépressive,1150,c6e5,0.7311132,187
161,2024-09-01 13:08:41.869606+00,Aeronwy Dépressive,1168,d6c5,1,256
162,2024-09-01 14:07:37.911836+00,Ignatius Perdu,1175,c6c7,0.927699,244
163,2024-09-01 14:07:46.62881+00,Ignatius Perdu,1175,g8d5,0.91939884,242
164,2024-09-01 14:07:48.911301+00,Ignatius Perdu,1175,g8e6,0.91939884,242
165,2024-09-01 14:40:23.615792+00,Aeronwy Dépressive,1180,h3h2,0.66220826,169
166,2024-09-01 14:41:15.04536+00,Aeronwy Dépressive,1180,d4d3,1,256
167,2024-09-01 16:53:00.43551+00,Ignatius Perdu,1197,c6c7,0.68874735,181
168,2024-09-01 16:53:26.270982+00,Ignatius Perdu,1197,h3g4,1,263
169,2024-09-01 18:16:35.658316+00,Ignatius Perdu,1209,h4g3,1,263
170,2024-09-01 20:56:06.536714+00,Aeronwy Dépressive,1230,d3f4,0.89208585,228
171,2024-09-01 20:56:06.59927+00,Aeronwy Dépressive,1230,d3f2,1,256
172,2024-09-02 06:14:38.28526+00,Aeronwy Dépressive,1304,"",0,0
173,2024-09-02 06:42:39.265957+00,Elowen Brutale,1308,d7d5,0.90049595,237
174,2024-09-02 07:15:48.226954+00,Ignatius Perdu,1309,e2e3,1,263
175,2024-09-02 07:16:11.394254+00,Ignatius Perdu,1309,d1d2,0.7279145,192
176,2024-09-02 07:16:12.932386+00,Ignatius Perdu,1309,d1d3,0.73088294,192
177,2024-09-02 07:16:25.86228+00,Ignatius Perdu,1309,g1f3,1,263
202,2024-09-02 08:42:03.327802+00,Ignatius Perdu,1361,f2f4,0.46265358,128
203,2024-09-02 09:37:58.577021+00,Remus Machiavélique,1368,f5g4,0.76426786,211
204,2024-09-02 11:39:34.138888+00,Remus Machiavélique,1384,g6f5,0.89554894,248
205,2024-09-02 12:03:22.374683+00,Remus Machiavélique,1388,f6g5,1,277
206,2024-09-02 12:18:10.535394+00,Remus Machiavélique,1390,c6b5,0.99716985,276
207,2024-09-02 12:33:11.537521+00,Remus Machiavélique,1392,h6g5,1,283
208,2024-09-02 12:35:53.449255+00,Basil Obsédé,1392,h6g5,1,214
209,2024-09-02 12:58:31.179865+00,Elysia Brutale,1395,a1c1,0.96272284,278
210,2024-09-02 13:06:40.663607+00,Remus Machiavélique,1396,h7h3,1,283
211,2024-09-02 13:21:26.783652+00,Remus Machiavélique,1398,b5a4,1,283
212,2024-09-02 13:21:31.658879+00,Basil Obsédé,1398,b5a4,1,214
213,2024-09-02 13:25:27.211145+00,Ignatius Perdu,1399,c1a1,0.972336,281
214,2024-09-02 13:52:23.271538+00,Remus Machiavélique,1402,h2h1,1,283
215,2024-09-02 13:52:34.439104+00,Basil Obsédé,1402,h2h1,1,214
216,2024-09-02 14:03:46.307203+00,Remus Machiavélique,1404,c8b8,0.9752926,276
217,2024-09-02 14:04:12.319414+00,Basil Obsédé,1404,c8b8,0.9752926,208
218,2024-09-02 14:06:46.698348+00,Remus Machiavélique,1404,c8c7,0.9728443,275
219,2024-09-02 14:06:48.099398+00,Remus Machiavélique,1404,c8b8,0.9752926,208
220,2024-09-02 14:06:48.17506+00,Aeronwy Dépressive,1404,c8b7,0.9929792,281
221,2024-09-02 14:13:31.032947+00,Aradia Impitoyable,1405,a1h1,0.97529566,281
222,2024-09-02 14:13:54.004041+00,Ignatius Perdu,1405,a1h1,0.97529566,214
223,2024-09-02 14:35:40.959793+00,Basil Obsédé,1408,b8b3,1,283
224,2024-09-02 14:35:48.147448+00,Remus Machiavélique,1408,b8b3,1,214
225,2024-09-02 15:03:20.770669+00,Remus Machiavélique,1412,a4a3,0.97280127,275
226,2024-09-02 15:03:32.116694+00,Basil Obsédé,1412,a4a3,0.97280127,208
227,2024-09-02 15:18:44.163208+00,Remus Machiavélique,1414,b3a3,1,283
228,2024-09-02 15:18:48.365279+00,Basil Obsédé,1414,b3a3,1,214
229,2024-09-02 15:32:51.527069+00,Remus Machiavélique,1416,a8b8,1,289
230,2024-09-02 15:33:02.322767+00,Basil Obsédé,1416,a8b8,1,219
231,2024-09-02 15:50:54.738033+00,Basil Obsédé,1418,b8b2,1,289
232,2024-09-02 15:50:59.460719+00,Remus Machiavélique,1418,b8b2,1,219
233,2024-09-02 16:02:59.823945+00,Remus Machiavélique,1420,a3a1,1,289
234,2024-09-02 16:03:04.571554+00,Basil Obsédé,1420,a3a1,1,219
235,2024-09-02 18:49:02.665489+00,Ignatius Perdu,1442,g1f3,1,289
236,2024-09-02 20:38:53.550944+00,Ignatius Perdu,1456,d2d3,0.84888357,245
237,2024-09-02 21:33:10.745281+00,Ignatius Perdu,1464,d3e4,0.78715575,227
238,2024-09-02 21:33:34.535596+00,Ignatius Perdu,1464,g5f4,0.8432733,243
239,2024-09-02 21:33:55.645054+00,Ignatius Perdu,1464,f2f7,1,289
240,2024-09-03 06:08:52.792996+00,Ignatius Perdu,1532,f3d4,0.5303378,153
241,2024-09-03 06:09:15.566424+00,Ignatius Perdu,1532,f3g5,0.91923326,265
242,2024-09-03 06:09:19.710756+00,Ignatius Perdu,1532,f3e5,0.7031393,203
243,2024-09-03 08:25:49.477169+00,Azura Épouvantable,1551,e8f7,1,299
244,2024-09-03 09:13:17.856703+00,Azura Épouvantable,1557,g5f4,1,299
245,2024-09-03 09:25:58.668184+00,Azura Épouvantable,1559,f4e3,0.673349,201
246,2024-09-03 09:41:44.12883+00,Azura Épouvantable,1561,e3d2,0.92521334,277
247,2024-09-03 09:55:50.55062+00,Azura Épouvantable,1563,d8h4,0.95906836,287
248,2024-09-03 10:09:27.468585+00,Ignatius Perdu,1564,g4f5,0.8647313,259
249,2024-09-03 10:30:31.925127+00,Remus Machiavélique,1567,g6f4,0.79730207,238
250,2024-09-03 10:30:49.108253+00,Remus Machiavélique,1567,c8f5,0.85294056,255
251,2024-09-03 10:31:34.561742+00,Remus Machiavélique,1567,c5e3,1,299
252,2024-09-03 10:45:04.517565+00,Remus Machiavélique,1569,h4f2,1,299
253,2024-09-03 11:19:24.222196+00,Ignatius Perdu,1574,b7a8,0.9900047,296
254,2024-09-03 12:11:07.158727+00,Remus Machiavélique,1581,c5d4,0.9053611,271
255,2024-09-03 12:26:41.263329+00,Remus Machiavélique,1583,c8d7,0.8038529,240
256,2024-09-03 12:32:45.44838+00,Basil Obsédé,1583,c8d7,0.8038529,185
257,2024-09-03 12:43:16.09071+00,Remus Machiavélique,1585,g6f4,0.89425147,267
258,2024-09-03 12:55:46.666619+00,Basil Obsédé,1587,h8a8,1,299
259,2024-09-03 12:55:54.238275+00,Remus Machiavélique,1587,h8a8,1,230
260,2024-09-03 13:17:20.444241+00,Remus Machiavélique,1589,d7a4,1,299
261,2024-09-03 13:17:41.408136+00,Basil Obsédé,1589,d7a4,1,230
262,2024-09-03 13:26:36.149374+00,Basil Obsédé,1591,e7f7,0.8877506,265
263,2024-09-03 13:29:39.216471+00,Remus Machiavélique,1591,e7f7,0.8877506,204
264,2024-09-03 13:46:26.232681+00,Basil Obsédé,1593,h5h4,0.8923019,267
265,2024-09-03 13:47:20.257101+00,Basil Obsédé,1593,a8c8,1,299
266,2024-09-03 13:47:30.409726+00,Remus Machiavélique,1593,a8c8,1,230
267,2024-09-03 13:56:58.819611+00,Remus Machiavélique,1595,c8c2,1,299
268,2024-09-03 13:57:36.699854+00,Basil Obsédé,1595,c8c2,1,230
269,2024-09-03 14:11:25.344224+00,Basil Obsédé,1597,d4d3,1,299
270,2024-09-03 14:12:26.258161+00,Basil Obsédé,1597,c2c1,1,299
271,2024-09-03 14:12:59.891232+00,Remus Machiavélique,1597,c2c1,1,230
272,2024-09-03 14:35:12.672933+00,Remus Machiavélique,1600,d7d5,0.89693284,268
273,2024-09-03 14:48:55.493785+00,Remus Machiavélique,1602,d5e4,0.99481666,298
274,2024-09-03 15:05:12.515782+00,Remus Machiavélique,1604,g8f6,1,299
275,2024-09-03 15:18:41.988387+00,Remus Machiavélique,1606,e7e5,0.9044734,270
276,2024-09-03 16:59:29.043389+00,Ignatius Perdu,1619,e2g3,1,304
277,2024-09-03 17:45:56.721656+00,Ignatius Perdu,1625,f4e5,0.7440275,226
278,2024-09-03 17:46:13.368792+00,Ignatius Perdu,1625,a6c8,1,304
279,2024-09-04 06:30:24.124781+00,Ignatius Perdu,1727,a2b2,0.96924543,295
280,2024-09-04 06:44:13.111666+00,Ignatius Perdu,1729,f7h5,1,304
281,2024-09-04 08:19:57.47177+00,Remus Machiavélique,1742,b4b5,0.8860871,269
282,2024-09-04 09:16:09.402054+00,Amara Intraitable,1749,b2a2,0.5525301,170
283,2024-09-04 09:21:40.818274+00,Remus Machiavélique,1750,c6d6,0.96339345,293
284,2024-09-04 09:34:02.49234+00,Remus Machiavélique,1752,d6c5,0.8937848,272
285,2024-09-04 09:50:08.746407+00,Remus Machiavélique,1754,c3f6,0.7937137,245
286,2024-09-04 09:50:19.69446+00,Remus Machiavélique,1754,c5d4,0.9788546,302
287,2024-09-04 11:49:43.593579+00,Remus Machiavélique,1770,g3h2,1,309
288,2024-09-04 12:02:15.137792+00,Fenella Terrifiante,1771,g2g3,0.9606539,301
289,2024-09-04 12:02:17.128867+00,Fenella Terrifiante,1771,g2g3,0.9606539,301
290,2024-09-04 12:02:18.214021+00,Fenella Terrifiante,1771,g2g3,0.9606539,301
291,2024-09-04 12:02:34.25571+00,Fenella Terrifiante,1771,e6d5,0.9950332,311
292,2024-09-04 12:02:35.144351+00,Fenella Terrifiante,1771,g2g3,0.9606539,301
293,2024-09-04 12:20:26.308317+00,Remus Machiavélique,1774,h2h1q,1,309
294,2024-09-04 13:07:34.027671+00,Remus Machiavélique,1780,d6c5,1,309
295,2024-09-04 13:07:37.698835+00,Remus Machiavélique,1780,a4a3,0.98146737,303
296,2024-09-04 13:23:26.303915+00,Remus Machiavélique,1782,a3a2,0.93821126,294
297,2024-09-04 13:50:30.953868+00,Remus Machiavélique,1786,a2a1q,1,313
298,2024-09-04 14:04:15.790896+00,Remus Machiavélique,1788,c7f4,1,313
299,2024-09-04 14:05:05.821341+00,Basil Obsédé,1788,c7f4,1,244
300,2024-09-04 14:19:12.984707+00,Remus Machiavélique,1790,a1c1,1,313
301,2024-09-04 14:34:53.503557+00,Remus Machiavélique,1792,c1c4,1,313
302,2024-09-04 14:35:21.863108+00,Remus Machiavélique,1792,c1d2,0.9085518,284
303,2024-09-04 14:35:48.418975+00,Remus Machiavélique,1792,c1f1,1,313
304,2024-09-04 14:37:18.966089+00,Remus Machiavélique,1792,c1f1,1,313
305,2024-09-04 14:49:04.203839+00,Remus Machiavélique,1794,f1c4,1,313
306,2024-09-04 14:49:19.145129+00,Remus Machiavélique,1794,c5c4,1,313
307,2024-09-04 14:53:36.285156+00,Basil Obsédé,1794,c5c4,1,244
308,2024-09-04 15:03:43.717508+00,Basil Obsédé,1796,f1c1,1,313
309,2024-09-04 15:07:29.524257+00,Remus Machiavélique,1796,f1c1,1,244
310,2024-09-04 16:54:40.720904+00,Ignatius Dément,1810,e4f5,1,313
311,2024-09-04 18:10:02.883369+00,Ignatius Dément,1820,d1g4,0.37689197,118
312,2024-09-04 18:10:16.38272+00,Ignatius Dément,1820,c5c4,0.22595948,70
313,2024-09-04 18:10:30.63767+00,Ignatius Dément,1820,d1g4,0.37689197,118
314,2024-09-04 18:10:46.721246+00,Ignatius Dément,1820,a3c4,0.3658679,114
315,2024-09-04 18:20:54.734476+00,Ignatius Dément,1822,d2e3,0.88842607,278
316,2024-09-04 18:34:31.740334+00,Ignatius Dément,1824,c4e5,0.90846175,284
317,2024-09-04 18:48:56.693122+00,Ignatius Dément,1826,c5d5,0.9417684,295
318,2024-09-04 18:55:32.847413+00,Ignatius Perdu,1826,c5d5,0.9417684,230
319,2024-09-04 19:04:03.092895+00,Ignatius Dément,1828,d5d8,0.9709291,304
320,2024-09-04 19:04:28.677646+00,Ignatius Dément,1828,b5a6,0.97462624,305
321,2024-09-04 19:04:40.893995+00,Ignatius Dément,1828,d5d8,0.9709291,304
322,2024-09-04 19:04:57.157165+00,Ignatius Dément,1828,b5a6,0.97462624,305
323,2024-09-04 19:07:18.328024+00,Ignatius Perdu,1828,b5a6,0.97462624,238
324,2024-09-04 19:07:29.885164+00,Ignatius Perdu,1828,e5f7,0.8148248,255
325,2024-09-04 19:07:34.767631+00,Ignatius Perdu,1828,e5c6,0.9696646,304
326,2024-09-04 19:07:44.840504+00,Ignatius Perdu,1828,d5d8,0.9709291,304
327,2024-09-04 19:33:49.084593+00,Ignatius Dément,1832,d5f5,1,313
328,2024-09-04 21:18:28.641847+00,Ignatius Dément,1846,d6e7,1,313
329,2024-09-05 06:31:57.004287+00,Remus Machiavélique,1919,d4b3,0.12650123,39
330,2024-09-05 06:43:07.686266+00,Remus Machiavélique,1921,g3g2,0.5200955,163
331,2024-09-05 06:47:12.880997+00,Remus Machiavélique,1921,b7a6,0.32428756,101
332,2024-09-05 07:00:29.434361+00,Remus Machiavélique,1923,b3d2,0.10677687,33
333,2024-09-05 07:01:02.965403+00,Remus Machiavélique,1923,b3d4,0.051281344,16
334,2024-09-05 07:24:21.332772+00,Ignatius Perdu,1926,f1g2,1,317
335,2024-09-05 07:24:35.907131+00,Ignatius Perdu,1926,f3d4,0.36452755,115
336,2024-09-05 07:25:19.061606+00,Ignatius Perdu,1926,a4d4,0.38324958,121
337,2024-09-05 07:27:22.016987+00,Remus Machiavélique,1927,e5d4,1,313
338,2024-09-05 07:28:02.247633+00,Remus Machiavélique,1927,g2h1q,0.9048857,283
339,2024-09-05 07:28:41.470137+00,Basil Obsédé,1927,g2h1q,0.9048857,221
340,2024-09-05 07:45:08.980001+00,Remus Machiavélique,1929,h1c1,0.98102397,307
341,2024-09-05 07:57:29.067713+00,Remus Machiavélique,1931,g8g2,0.98048455,311
342,2024-09-05 08:00:14.412987+00,Remus Machiavélique,1931,e5e4,0.86569947,275
343,2024-09-05 08:00:57.612369+00,Remus Machiavélique,1931,g8g4,0.7139444,226
344,2024-09-05 08:01:28.520971+00,Remus Machiavélique,1931,g8g3,0.9574971,304
345,2024-09-05 08:26:33.917492+00,Ptolemy Brillant,1935,d6d2,1,321
346,2024-09-05 08:27:21.872964+00,Ptolemy Brillant,1935,d8e8,0.95932263,308
347,2024-09-05 08:27:24.94904+00,Ptolemy Brillant,1935,d6d2,1,321
348,2024-09-05 08:27:41.407072+00,Remus Machiavélique,1935,g3f3,1,321
349,2024-09-05 08:42:09.51247+00,Ptolemy Brillant,1937,d6d2,1,321
350,2024-09-05 08:42:21.131241+00,Ptolemy Brillant,1937,e5f4,1,321
351,2024-09-05 08:43:33.87297+00,Remus Machiavélique,1937,c1d2,1,321
352,2024-09-05 08:44:21.194247+00,Remus Machiavélique,1937,d6d2,1,321
353,2024-09-05 08:45:27.958855+00,Remus Machiavélique,1937,c1d2,1,321
354,2024-09-05 08:45:32.83986+00,Basil Obsédé,1937,c1d2,1,252
355,2024-09-05 08:58:15.874848+00,Basil Obsédé,1939,d6d4,1,321
356,2024-09-05 09:12:28.124639+00,Remus Machiavélique,1941,d4f4,1,321
357,2024-09-05 09:26:26.438127+00,Remus Machiavélique,1943,d2e2,1,325
358,2024-09-05 09:26:27.205946+00,Demetria Spectrale,1943,d2e3,1,325
359,2024-09-05 09:38:27.426104+00,Oberon Intraitable,1944,g1h1,1,329
360,2024-09-05 09:41:15.2305+00,Remus Machiavélique,1945,e3e2,1,325
361,2024-09-05 09:41:17.844934+00,Basil Obsédé,1945,e3e2,1,256
362,2024-09-05 09:56:59.410883+00,Remus Machiavélique,1947,f4f1,1,325
363,2024-09-05 09:57:18.273626+00,Basil Obsédé,1947,f4f1,1,256
364,2024-09-05 10:01:04.266603+00,Demetria Spectrale,1947,e2f2,1,325
365,2024-09-05 10:56:17.748275+00,Ignatius Perdu,1955,e2e4,0.96263987,317
366,2024-09-05 11:55:57.61285+00,Ptolemy Brillant,1962,d7d6,0.012975487,4
367,2024-09-05 12:05:14.050947+00,Ptolemy Brillant,1964,f4h2,0.35458905,116
368,2024-09-05 12:19:13.016529+00,Aeronwy Dépressive,1966,h2g1,0.8398637,276
369,2024-09-05 12:43:08.417007+00,Isidore Intraitable,1969,e4f5,0.85362285,284
370,2024-09-05 12:54:40.264234+00,Ligeia Calculatrice,1970,h6f5,0.9571432,318
371,2024-09-05 12:56:52.820445+00,Isidore Intraitable,1971,e2e3,0.7105671,239
372,2024-09-05 13:04:04.949725+00,Ligeia Calculatrice,1972,f5e3,1,336
373,2024-09-05 13:04:10.917173+00,Ferdinand Obsédé,1972,f5e3,1,267
374,2024-09-05 13:19:06.800579+00,Ferdinand Obsédé,1974,g1f1,1,336
375,2024-09-05 13:23:01.117619+00,Ligeia Calculatrice,1974,g1f1,1,267
402,2024-09-05 14:59:39.5744+00,Remus Machiavélique,2005,c6a5,0.2866478,96
403,2024-09-05 15:10:08.181817+00,Ignatius Perdu,2006,d2d4,0.34261045,116
404,2024-09-05 15:10:17.707053+00,Ignatius Perdu,2006,b3b4,0.3340907,113
405,2024-09-05 15:26:41.718024+00,Remus Machiavélique,2009,c4a3,1,340
406,2024-09-05 15:36:58.20963+00,Lysander Obscur,2010,c1a3,0.94544595,321
407,2024-09-05 16:07:09.913469+00,Ignatius Perdu,2014,e2e4,1,340
408,2024-09-05 16:50:52.342913+00,Ignatius Perdu,2020,e4e5,0.1992452,67
409,2024-09-05 18:58:27.796579+00,Aeronwy Dépressive,2037,e6f5,0.80734265,274
410,2024-09-05 18:58:32.19018+00,Aeronwy Dépressive,2037,d7c6,1,340
411,2024-09-05 18:58:48.560641+00,Aeronwy Dépressive,2037,b7c6,1,340
412,2024-09-05 19:11:46.136818+00,Aeronwy Dépressive,2039,b3c1,0.98747456,335
413,2024-09-05 20:18:49.203643+00,Ignatius Perdu,2048,h4g2,1,343
414,2024-09-05 20:48:28.856658+00,Aeronwy Dépressive,2051,e6e5,0.96729374,328
415,2024-09-05 21:18:56.239103+00,Lysander Obscur,2056,b4c5,1,346
416,2024-09-05 21:19:51.547903+00,Ignatius Perdu,2056,e3c4,0.9684848,335
417,2024-09-05 21:28:23.84158+00,Remus Machiavélique,2057,e5e2,0.98640436,338
418,2024-09-05 21:28:41.935286+00,Basil Obsédé,2057,e5e2,0.98640436,270
419,2024-09-05 21:34:07.704488+00,Ignatius Perdu,2058,d2c1,0.9930474,344
420,2024-09-05 21:41:35.669846+00,Remus Machiavélique,2059,c5f2,1,346
421,2024-09-05 21:42:00.843181+00,Montague Dévoué,2059,d6d5,0.97094816,336
422,2024-09-05 22:13:57.666534+00,Montague Dévoué,2063,c8f5,0.9879741,342
423,2024-09-05 22:25:59.32342+00,Ignatius Perdu,2064,b5d4,0.98797363,342
424,2024-09-05 23:59:03.44763+00,Montague Dévoué,2077,e2d1,1,346
425,2024-09-06 05:37:20.641849+00,Ignatius Perdu,2122,f2d1,0.83987886,291
426,2024-09-06 05:44:55.095781+00,Aeronwy Dépressive,2123,d5c4,0.773992,268
427,2024-09-06 05:45:23.498211+00,Aeronwy Dépressive,2123,a6c4,1,346
428,2024-09-06 07:13:21.9034+00,Basil Obsédé,2135,d5c4,1,346
429,2024-09-06 07:13:40.513422+00,Remus Machiavélique,2135,d5c4,1,277
430,2024-09-06 07:28:55.058934+00,Remus Machiavélique,2137,h7g8,1,346
431,2024-09-06 07:29:20.071727+00,Basil Obsédé,2137,h7g8,1,277
432,2024-09-06 07:48:14.136896+00,Basil Obsédé,2139,c4c3,1,346
433,2024-09-06 07:48:21.112566+00,Remus Machiavélique,2139,c4c3,1,277
434,2024-09-06 07:58:55.550147+00,Remus Machiavélique,2141,c3c2,1,346
435,2024-09-06 08:10:47.708787+00,Ignatius Perdu,2142,a1b2,1,346
436,2024-09-06 08:14:17.70807+00,Remus Machiavélique,2143,d3d2,1,346
437,2024-09-06 08:14:31.060572+00,Basil Obsédé,2143,d3d2,1,277
438,2024-09-06 08:19:19.432235+00,Ignatius Perdu,2144,b2c1,1,346
439,2024-09-06 08:36:34.343313+00,Ignatius Perdu,2146,c1c2,1,346
440,2024-09-06 08:37:08.828946+00,Lenore Égoïste,2146,c1b2,0.96253055,336
441,2024-09-06 08:47:20.908281+00,Remus Machiavélique,2147,c5c4,1,346
442,2024-09-06 08:51:04.205591+00,Ignatius Perdu,2148,"",0,0
443,2024-09-06 08:57:22.856985+00,Ignatius Perdu,2149,d2d4,0.9044918,316
444,2024-09-06 09:07:26.552736+00,Remus Machiavélique,2150,d7d5,0.9383387,325
445,2024-09-06 09:19:22.472497+00,Basil Obsédé,2152,c7c6,0.86809665,300
446,2024-09-06 09:19:26.626811+00,Basil Obsédé,2152,b8c6,0.8505587,294
447,2024-09-06 09:19:34.364567+00,Remus Machiavélique,2152,b8c6,0.8505587,235
448,2024-09-06 09:26:28.544419+00,Humphrey Infernal,2153,b1a3,0.67009145,234
449,2024-09-06 09:27:11.894912+00,Humphrey Infernal,2153,d1c1,0.50083363,175
450,2024-09-06 09:28:15.035587+00,Morwenna Calculatrice,2153,g2g3,0.7801595,272
451,2024-09-06 09:29:39.956684+00,Ignatius Perdu,2153,e2e3,0.997753,348
452,2024-09-06 09:41:17.082322+00,Remus Machiavélique,2154,b7b5,0.51673365,179
453,2024-09-06 10:03:19.156181+00,Ignatius Dément,2157,f4g5,0.15255384,53
454,2024-09-06 12:04:02.148091+00,Basil Obsédé,2174,g7h6,0.666642,231
455,2024-09-06 12:05:47.746605+00,Remus Machiavélique,2174,g7h6,0.666642,184
456,2024-09-06 12:55:50.054837+00,Basil Obsédé,2180,d5e4,0.6617335,229
457,2024-09-06 12:56:11.007402+00,Remus Machiavélique,2180,f8h6,1,346
458,2024-09-06 12:56:21.351446+00,Basil Obsédé,2180,f8h6,1,277
459,2024-09-06 13:07:17.214963+00,Remus Machiavélique,2182,b5c4,0.9858415,341
460,2024-09-06 13:07:23.107058+00,Basil Obsédé,2182,b5c4,0.9858415,273
461,2024-09-06 13:22:33.385032+00,Basil Obsédé,2184,b6b4,0.9923489,343
462,2024-09-06 13:34:27.206087+00,Basil Obsédé,2186,g4e2,1,346
463,2024-09-06 13:49:29.378344+00,Remus Machiavélique,2188,b4c3,1,349
464,2024-09-06 13:58:32.782932+00,Ignatius Dément,2189,a1b1,1,352
465,2024-09-06 13:59:02.166797+00,Lenore Égoïste,2189,f1g2,1,352
466,2024-09-06 14:00:52.06371+00,Ignatius Dément,2189,"",0,0
467,2024-09-06 14:51:34.185586+00,Remus Machiavélique,2196,h5f4,1,349
468,2024-09-06 15:11:10.089099+00,Remus Machiavélique,2198,c3a3,1,349
469,2024-09-06 15:19:25.53788+00,Remus Machiavélique,2200,a3c1,1,349
470,2024-09-07 08:01:10.584365+00,Aeronwy Dépressive,2333,d5d2,1,349
471,2024-09-07 08:11:55.580546+00,Aeronwy Dépressive,2335,h5h4,0.9932312,347
502,2024-09-07 08:49:22.521982+00,Lysander Obscur,2352,h5f4,1,352
503,2024-09-07 08:53:10.767805+00,Lysander Obscur,2352,h5f6,1,352
504,2024-09-07 08:55:05.50855+00,Lysander Obscur,2352,h5g7,1,352
505,2024-09-07 08:55:15.552076+00,Ignatius Perdu,2352,h5f6,1,352
506,2024-09-07 08:56:15.573899+00,Lysander Obscur,2352,h5g7,1,352
507,2024-09-07 09:04:17.097124+00,Lysander Obscur,2354,e3e4,1,352
508,2024-09-07 12:09:50.745183+00,Ignatius Perdu,2378,g5f7,0.99299085,350
509,2024-09-07 12:37:09.350386+00,Ignatius Perdu,2382,d8f7,1,352
510,2024-09-07 14:04:11.329675+00,Ignatius Perdu,2394,c5d7,0.997916,351
511,2024-09-07 15:56:54.078928+00,Bram Instable,2409,a1b2,1,352
512,2024-09-07 18:07:25.002845+00,Ignatius Perdu,2426,"",0,0
513,2024-09-07 20:59:18.781942+00,Ignatius Perdu,2449,c3e5,1,352
514,2024-09-08 08:12:26.157098+00,Ignatius Perdu,2539,c3b3,0.9536219,336
515,2024-09-08 08:28:47.773152+00,Ignatius Perdu,2541,f4f5,1,352
516,2024-09-08 08:30:37.71396+00,Ignatius Perdu,2541,c1e3,0.97877765,345
517,2024-09-08 08:30:56.590386+00,Ignatius Perdu,2541,d3d4,0.9655589,340
518,2024-09-08 08:47:27.805782+00,Ignatius Perdu,2543,d4d5,0.9781646,344
519,2024-09-08 08:48:33.256535+00,Ignatius Perdu,2543,f1b5,0.98529,347
520,2024-09-08 08:59:48.571545+00,Ignatius Perdu,2545,g2h4,0.94698197,333
521,2024-09-08 12:48:28.032551+00,Ignatius Perdu,2575,g6f4,1,352
522,2024-09-09 06:28:47.910358+00,Ignatius Perdu,2717,g3e4,1,352
523,2024-09-09 06:28:51.740273+00,Ignatius Perdu,2717,g3e2,1,352
524,2024-09-09 06:29:10.077375+00,Ignatius Perdu,2717,"",0,0
525,2024-09-09 07:42:31.247373+00,Osric Anormal,2727,c8b7,0.9810504,348
526,2024-09-09 11:52:01.817182+00,Waldemar Spectral,2760,g1h3,0.028826177,10
527,2024-09-09 11:52:33.800099+00,Waldemar Spectral,2760,g1e2,0.029398253,10
528,2024-09-09 11:52:39.123402+00,Waldemar Spectral,2760,f3f4,0.034114845,12
529,2024-09-09 11:52:50.622808+00,Waldemar Spectral,2760,h4h5,0.02735204,9
530,2024-09-09 11:57:21.972476+00,Osric Anormal,2761,c6b5,0.8665358,308
531,2024-09-09 11:57:27.6214+00,Osric Anormal,2761,a6b5,0.93855995,333
532,2024-09-09 11:59:38.270021+00,Algernon Charismatique,2761,a6b5,0.93855995,271
533,2024-09-09 12:32:08.156227+00,Osric Anormal,2765,b5c4,1,358
534,2024-09-09 12:46:21.751693+00,Osric Anormal,2767,a6a3,0.9940969,356
535,2024-09-09 13:14:05.669287+00,Osric Anormal,2771,a8a2,1,358
536,2024-09-09 13:14:17.952039+00,Osric Anormal,2771,g7h6,0.98268133,352
537,2024-09-09 13:43:31.095119+00,Osric Anormal,2775,c5b4,1,358
538,2024-09-09 14:58:28.003068+00,Osric Anormal,2785,h8e8,1,361
539,2024-09-09 15:28:20.776485+00,Osric Anormal,2789,b3b2,1,361
540,2024-09-09 15:52:39.735353+00,Ignatius Perdu,2792,e3f3,1,363
541,2024-09-09 15:52:43.462271+00,Ignatius Perdu,2792,g1f3,1,363
542,2024-09-10 07:33:17.154795+00,Osric Anormal,2917,a5b4,1,361
543,2024-09-10 07:45:13.498033+00,Osric Anormal,2919,b4c4,1,361
544,2024-09-10 09:28:54.443188+00,Osric Anormal,2933,d5d4,0.9816483,354
545,2024-09-10 09:29:18.482325+00,Osric Anormal,2933,c5c6,0.98336095,355
546,2024-09-10 09:45:03.661827+00,Osric Anormal,2935,d5d4,0.99228543,358
547,2024-09-10 09:56:27.457259+00,Waldemar Spectral,2936,f1e2,0.98872095,359
548,2024-09-10 09:56:34.008961+00,Waldemar Spectral,2936,f1g2,0.9527044,346
549,2024-09-10 09:56:35.574669+00,Waldemar Spectral,2936,f1e1,0.9993929,363
550,2024-09-10 10:58:37.201027+00,Ophelia Anxieuse,2945,f4e4,1,363
551,2024-09-10 11:25:25.81083+00,Pandora Monstrueuse,2948,f2e2,0.999216,366
552,2024-09-10 11:44:05.406356+00,Peregrine Paranoïaque,2951,"",0,0
553,2024-09-10 20:43:53.934703+00,Humphrey Dominateur,3023,b8d7,0.057530653,21
554,2024-09-11 13:53:26.682226+00,Pandora Monstrueuse,3160,e3d2,0.67258,249
555,2024-09-11 16:42:09.718384+00,Ignatius Perdu,3182,c6g2,1,371
556,2024-09-11 20:40:05.501339+00,Ignatius Perdu,3214,d5c4,1,371
557,2024-09-12 11:40:19.047089+00,Ignatius Perdu,3334,b5c3,1,371
558,2024-09-12 11:44:11.771718+00,Aeronwy Dépressive,3335,a2a1,1,371
559,2024-09-12 11:44:17.147022+00,Aeronwy Dépressive,3335,"",0,0
560,2024-09-12 16:10:59.119884+00,Uriah Morbide,3370,c1d2,1,373
561,2024-09-12 16:16:40.792936+00,Ptolemy Ténébreux,3371,a6a5,0.74835074,279
562,2024-09-12 17:52:49.117375+00,Ignatius Perdu,3384,f4e5,1,376
563,2024-09-12 21:42:13.45235+00,Ignatius Perdu,3414,f2e3,0.31335965,117
564,2024-09-13 12:51:58.012756+00,Ezra Lugubre,3536,e4f4,1,389
565,2024-09-13 12:52:05.654796+00,Ezra Lugubre,3536,a7a8q,1,389
566,2024-09-13 14:51:14.547169+00,Ezra Lugubre,3552,b7f3,0.99800384,388
567,2024-09-13 15:08:05.186246+00,Ezra Lugubre,3554,f3f4,1,389
568,2024-09-13 16:07:09.426028+00,Ignatius Perdu,3562,h5h6,1,389
569,2024-09-14 20:54:37.76261+00,Ignatius Perdu,3792,e5d6,0.9960057,391
602,2024-09-16 08:46:58.908404+00,Ignatius Perdu,3957,g1f3,1,398
603,2024-09-16 19:32:59.113296+00,Ignatius Perdu,4043,a4a8,0.8278801,331
604,2024-09-16 20:10:53.484562+00,Ignatius Perdu,4049,a8f8,0.6295796,252
605,2024-09-17 06:22:18.527881+00,Aeronwy Dépressive,4130,"",0,0
606,2024-09-17 08:26:08.418198+00,Ignatius Perdu,4147,d6d7,1,400
607,2024-09-17 09:21:04.127116+00,Hadrian Sauvage,4154,d8e6,0.98832005,397
608,2024-09-17 09:33:32.396149+00,Hadrian Sauvage,4156,e6c7,1,402
609,2024-09-17 09:48:59.780994+00,Hadrian Sauvage,4158,c7d5,0.3205566,129
610,2024-09-17 11:33:45.259369+00,Hadrian Sauvage,4172,a8a6,0.48142317,193
611,2024-09-17 12:03:35.04134+00,Hadrian Sauvage,4176,a6a3,0.5067341,203
612,2024-09-17 12:19:25.776969+00,Hadrian Sauvage,4178,e2d1,0.9761059,392
613,2024-09-17 12:48:43.42113+00,Hadrian Sauvage,4182,g4d1,1,404
614,2024-09-17 13:03:36.713812+00,Hadrian Sauvage,4184,f4d3,0.956599,386
615,2024-09-17 13:03:51.223162+00,Hadrian Sauvage,4184,a3b3,1,404
616,2024-09-17 13:19:39.534618+00,Hadrian Sauvage,4186,f4d3,1,404
617,2024-09-17 13:35:30.753501+00,Hadrian Sauvage,4188,e7e6,1,404
618,2024-09-17 13:35:52.862969+00,Hadrian Sauvage,4188,g6h5,1,404
619,2024-09-17 13:48:49.84571+00,Hadrian Sauvage,4190,d3c5,0.9526408,385
620,2024-09-17 14:04:33.01246+00,Hadrian Sauvage,4192,d1c2,0.9500932,384
621,2024-09-17 14:07:53.986925+00,Hadrian Sauvage,4192,c5a4,1,404
622,2024-09-17 14:21:46.853656+00,Hadrian Sauvage,4194,a4c3,1,404
623,2024-09-17 14:37:37.159032+00,Hadrian Sauvage,4196,b3b1,1,404
624,2024-09-18 11:38:06.622059+00,Ignatius Perdu,4364,g5h4,0.09902738,40
625,2024-09-18 11:38:10.097228+00,Ignatius Perdu,4364,g5h5,0.11376041,46
626,2024-09-18 15:47:14.50541+00,Hadrian Sauvage,4397,b3b2,1,406
652,2024-09-19 19:24:35.972797+00,Hadrian Sauvage,4513,g8f6,0.74368215,305
653,2024-09-19 20:20:20.11923+00,Ignatius Perdu,4520,c3d5,0.74163675,304
702,2024-09-20 14:54:56.336495+00,Hadrian Sauvage,4702,b7g2,0.9076413,374
703,2024-09-20 15:11:23.478453+00,Hadrian Sauvage,4704,a4a3,0.9860082,406
704,2024-09-20 22:01:55.762548+00,Ignatius Perdu,4759,d3f4,0.4533362,187
705,2024-09-20 22:02:04.065977+00,Ignatius Perdu,4759,d3f2,0.40801919,168
706,2024-09-20 22:02:28.21305+00,Ignatius Perdu,4759,a5a6,0.19331637,79
707,2024-09-20 22:02:32.709855+00,Ignatius Perdu,4759,d3f2,0.40801919,168
708,2024-09-20 22:03:46.111205+00,Ignatius Perdu,4759,c3c4,1,412
709,2024-09-22 20:53:31.312444+00,Ignatius Perdu,5134,h5g4,0.9383487,390
710,2024-09-23 14:16:33.896721+00,Valerian Prédateur,5273,e2e4,1,420
711,2024-09-23 14:16:42.234493+00,Valerian Prédateur,5273,e2e4,1,420
712,2024-09-23 14:16:43.845928+00,Valerian Prédateur,5273,e2e4,1,420
713,2024-09-23 14:16:46.541036+00,Valerian Prédateur,5273,e2e4,1,420
714,2024-09-23 14:16:49.234808+00,Valerian Prédateur,5273,e2b2,0.09812475,41
715,2024-09-23 14:16:52.202349+00,Valerian Prédateur,5273,e2e4,1,420
716,2024-09-23 14:16:56.848098+00,Valerian Prédateur,5273,e2e4,1,420
717,2024-09-23 14:17:12.521673+00,Valerian Prédateur,5273,e2e4,1,420
718,2024-09-23 14:44:55.773511+00,Calypso Anxieuse,5277,a6a5,1,421
719,2024-09-23 14:46:09.516106+00,Calypso Anxieuse,5277,a6a5,1,421
720,2024-09-23 14:50:30.451067+00,Elowen Intraitable,5277,a6a5,1,354
721,2024-09-23 15:18:59.750554+00,Elowen Intraitable,5281,e5b5,1,423
722,2024-09-23 15:25:26.173841+00,Roderick Égoïste,5282,b3c3,1,423
723,2024-09-23 15:25:27.953947+00,Roderick Égoïste,5282,"",0,0
724,2024-09-23 15:55:37.081674+00,Elowen Intraitable,5286,b8c6,0.9707826,411
725,2024-09-24 14:13:04.564472+00,Elowen Intraitable,5464,g3g2,0.92169833,394
726,2024-09-24 14:26:35.678389+00,Elowen Intraitable,5466,g2f1q,0.1345961,57
727,2024-09-24 14:44:16.691149+00,Elowen Intraitable,5468,f1a1,1,427
728,2024-09-24 14:53:18.44813+00,Elowen Intraitable,5470,f3f2,1,427
729,2024-09-24 15:01:48.524126+00,Ignatius Perdu,5471,a4c3,1,427
730,2024-09-24 15:01:54.295773+00,Ignatius Perdu,5471,a4c3,1,427
731,2024-09-24 15:07:40.664938+00,Elowen Intraitable,5472,f2f1q,1,427
732,2024-09-25 06:27:10.769996+00,Elowen Intraitable,5594,a8b6,1,427
733,2024-09-25 06:38:35.115192+00,Elowen Intraitable,5596,d6e4,1,427
734,2024-09-25 06:54:47.935166+00,Elowen Intraitable,5598,b6c4,1,427
735,2024-09-25 07:24:59.104925+00,Elowen Intraitable,5602,d6e4,1,427
736,2024-09-25 07:57:02.472863+00,Elowen Intraitable,5606,c4d2,0.99772257,426
737,2024-09-25 09:07:49.869296+00,Elowen Intraitable,5616,c5e4,1,427
738,2024-09-25 10:45:59.229074+00,Phineas Orphelin,5629,"",0,0
739,2024-09-25 10:46:05.481571+00,Phineas Orphelin,5629,g3g4,1,429
740,2024-09-25 10:46:06.643854+00,Phineas Orphelin,5629,g3h4,1,429
741,2024-09-25 10:46:09.1067+00,Lysander Insidieux,5629,"",0,0
742,2024-09-25 10:46:16.556452+00,Phineas Orphelin,5629,"",0,0
743,2024-09-25 10:48:02.582281+00,Lysander Insidieux,5629,g3g2,0.993701,426
744,2024-09-25 10:48:07.571286+00,Lysander Insidieux,5629,"",0,0
745,2024-09-25 10:53:35.629419+00,Lysander Insidieux,5630,b2b4,0.6756378,289
746,2024-09-25 13:00:48.815678+00,Elowen Intraitable,5647,b7a6,0.9744989,416
747,2024-09-25 13:46:46.34217+00,Elowen Intraitable,5653,h8g8,0.94624484,405
748,2024-09-25 13:46:50.042315+00,Elowen Intraitable,5653,d5e4,0.89323974,383
749,2024-09-25 14:36:44.996005+00,Elowen Intraitable,5659,e5d4,1,429
750,2024-09-25 14:37:01.262132+00,Elowen Intraitable,5659,d8f6,1,429
751,2024-09-25 14:37:17.074648+00,Elowen Intraitable,5659,d7g4,0.84821105,363
752,2024-09-25 14:45:34.803129+00,Elowen Intraitable,5661,h5h4,1,429
753,2024-09-25 14:45:55.660377+00,Elowen Intraitable,5661,d8f6,0.55699736,238
754,2024-09-25 14:54:17.120711+00,Yorick Monstrueux,5662,b1c3,0.012858536,5
755,2024-09-25 15:16:36.48022+00,Elowen Intraitable,5665,f1e1,1,429
756,2024-09-25 15:18:15.061333+00,Elowen Intraitable,5665,f1f5,0.9543326,409
757,2024-09-25 15:18:41.113166+00,Elowen Intraitable,5665,f1c4,1,429
758,2024-09-25 15:46:22.705241+00,Elowen Intraitable,5669,c4c2,0.6289868,270
759,2024-09-25 17:03:39.553638+00,Elowen Intraitable,5679,a2c2,0.6602655,284
760,2024-09-25 18:00:21.335421+00,Eulalia Démente,5686,a2f2,0.6892024,297
761,2024-09-25 18:01:37.692658+00,Amara Terrifiante,5687,f7f6,0.44726506,193
762,2024-09-25 18:01:43.760609+00,Amara Terrifiante,5687,f7f6,0.44726506,193
763,2024-09-25 18:58:36.183327+00,Eulalia Démente,5694,e2d4,0.7943125,342
764,2024-09-26 06:42:51.403231+00,Elowen Intraitable,5788,e3c2,0.75408936,325
765,2024-09-26 07:12:30.588178+00,Elowen Intraitable,5792,c7e5,0.9792665,422
766,2024-09-26 07:44:29.544633+00,Elowen Intraitable,5796,h6f5,0.78787446,340
767,2024-09-26 08:08:34.32+00,Elowen Intraitable,5800,f5d4,1,431
768,2024-09-26 08:23:16.529972+00,Elowen Intraitable,5802,d4c2,1,431
769,2024-09-26 08:41:43.410732+00,Elowen Intraitable,5804,a5c5,1,431
770,2024-09-26 08:53:14.426972+00,Elowen Intraitable,5806,c5d4,1,431
771,2024-09-26 09:11:06.850153+00,Elowen Intraitable,5808,d4e3,1,431
772,2024-09-26 09:26:04.108391+00,Elowen Intraitable,5810,e3g3,1,431
773,2024-09-26 09:42:21.953361+00,Elowen Intraitable,5812,c2e3,1,431
774,2024-09-26 09:43:06.243036+00,Elowen Intraitable,5812,b7b6,1,431
775,2024-09-26 09:53:51.345282+00,Elowen Intraitable,5814,g3h3,1,431
776,2024-09-26 11:08:48.180471+00,Elowen Intraitable,5824,f4g3,1,431
777,2024-09-26 11:23:50.181226+00,Elowen Intraitable,5826,f6d4,1,431
778,2024-09-26 11:24:17.270937+00,Elowen Intraitable,5826,c8b7,1,431
779,2024-09-26 11:38:18.148169+00,Elowen Intraitable,5828,f6d4,1,431
780,2024-09-26 11:57:08.884334+00,Elowen Intraitable,5830,d4e3,1,431
781,2024-09-26 11:58:29.13284+00,Montague Inflexible,5830,d4e3,1,363
782,2024-09-26 11:58:56.95289+00,Montague Inflexible,5830,d4e3,1,363
783,2024-09-26 12:03:40.051076+00,Archibald Intraitable,5831,"",0,0
784,2024-09-26 12:08:23.804732+00,Archibald Intraitable,5832,g1f3,0.9346298,405
785,2024-09-26 12:15:15.855693+00,Yorick Monstrueux,5832,e2e3,0.836592,363
786,2024-09-26 12:15:48.982157+00,Octavius Diabolique,5833,f7f5,0.8331806,361
787,2024-09-26 12:18:02.402249+00,Octavius Diabolique,5833,f7f6,0.74643546,324
788,2024-09-26 12:18:10.567324+00,Octavius Diabolique,5833,g7g6,0.87509155,380
802,2024-09-26 12:40:52.860824+00,Valentin Nocturne,5852,e2e4,1,69
803,2024-09-26 12:50:26.759543+00,Quintus Désespéré,5853,d7d6,0.9122696,63
804,2024-09-26 12:50:32.676226+00,Quintus Désespéré,5853,c7c6,0.95398384,66
805,2024-09-26 12:51:12.312174+00,Quintus Désespéré,5853,c7c5,0.9936534,68
806,2024-09-26 12:51:16.844602+00,Quintus Désespéré,5853,c7c6,0.95398384,66
807,2024-09-26 12:51:21.033391+00,Quintus Désespéré,5853,c7c5,0.9936534,68
808,2024-09-26 12:51:52.949732+00,Elowen Intraitable,5853,e7e5,0.91970706,63
809,2024-09-26 13:02:38.630911+00,Quintus Désespéré,5855,c5b4,0.9462032,65
810,2024-09-26 13:03:53.389574+00,Valencia Anxieuse,5855,g8f6,0.67285687,73
811,2024-09-26 13:08:05.516016+00,Quintus Désespéré,5855,c5c4,0.44033048,48
812,2024-09-26 13:08:12.818842+00,Quintus Désespéré,5855,c5b4,0.9462032,103
813,2024-09-26 13:17:01.799202+00,Quintus Désespéré,5857,b7b6,0.7815223,85
814,2024-09-26 13:17:11.399894+00,Quintus Désespéré,5857,b7b5,0.6378486,70
815,2024-09-26 13:17:22.569899+00,Quintus Désespéré,5857,b8c6,1,109
816,2024-09-26 13:19:44.250705+00,Elowen Intraitable,5857,d8b6,0.8493976,93
817,2024-09-26 13:27:54.838007+00,Roderick Égoïste,5858,g4g5,0.9987882,109
818,2024-09-26 13:28:03.054926+00,Roderick Égoïste,5858,g4g3,0.90154666,99
819,2024-09-26 13:28:18.848681+00,Roderick Égoïste,5858,g4e2,0.8886902,97
820,2024-09-26 13:28:23.17025+00,Roderick Égoïste,5858,g4d7,0.2788359,30
821,2024-09-26 13:28:28.702161+00,Roderick Égoïste,5858,g4g5,0.9987882,109
822,2024-09-26 13:39:52.464629+00,Amara Terrifiante,5860,d2d4,0.6445952,89
823,2024-09-26 13:46:15.214396+00,Roderick Égoïste,5860,e4e5,0.6717036,93
824,2024-09-26 13:46:21.205052+00,Roderick Égoïste,5860,d2d3,0.69496197,96
825,2024-09-26 13:46:25.243502+00,Roderick Égoïste,5860,f1c4,0.20959489,29
826,2024-09-26 13:46:27.829956+00,Roderick Égoïste,5860,f1b5,0.8239703,114
827,2024-09-26 13:46:59.430038+00,Quintus Désespéré,5861,d7d5,0.57206506,79
828,2024-09-26 13:47:07.394418+00,Quintus Désespéré,5861,c8a6,0.57682294,79
829,2024-09-26 13:47:14.48359+00,Quintus Désespéré,5861,h7h6,0.6578807,91
830,2024-09-26 13:47:25.903643+00,Valencia Anxieuse,5861,c6d4,1,138
831,2024-09-26 13:48:19.652604+00,Valencia Anxieuse,5861,f7f6,0.61871845,85
832,2024-09-26 13:48:27.746363+00,Valencia Anxieuse,5861,h7h6,0.6578807,45
833,2024-09-26 13:48:36.49795+00,Valencia Anxieuse,5861,f7f6,0.61871845,85
834,2024-09-26 13:49:04.087561+00,Valencia Anxieuse,5861,g8f6,0.7942849,110
835,2024-09-26 13:49:14.357991+00,Valencia Anxieuse,5861,g8h6,0.44340515,61
836,2024-09-26 13:49:20.089841+00,Valencia Anxieuse,5861,g8f6,0.7942849,110
837,2024-09-26 13:49:32.150044+00,Valencia Anxieuse,5861,c6d4,1,138
838,2024-09-26 13:49:40.445495+00,Valencia Anxieuse,5861,d8c7,0.5696995,78
839,2024-09-26 13:49:47.629559+00,Valencia Anxieuse,5861,d8a5,0.59131134,81
840,2024-09-26 13:50:02.768923+00,Valencia Anxieuse,5861,c6d4,1,138
841,2024-09-26 14:01:47.871323+00,Valencia Anxieuse,5863,c6d4,1,138
842,2024-09-26 14:02:12.445936+00,Valencia Anxieuse,5863,d8c7,0.7312676,101
843,2024-09-26 14:02:29.831851+00,Valencia Anxieuse,5863,a8b8,0.6138801,85
844,2024-09-26 14:02:32.96951+00,Valencia Anxieuse,5863,c6d4,1,138
845,2024-09-26 14:16:58.16167+00,Valencia Anxieuse,5865,d4c2,1,138
846,2024-09-26 14:17:10.029391+00,Undine Combative,5865,h6g5,0.9561316,132
847,2024-09-26 14:18:18.944269+00,Undine Combative,5865,h6g5,0.9561316,132
848,2024-09-26 14:18:39.12835+00,Undine Combative,5865,h6g5,0.9561316,132
849,2024-09-26 14:18:40.69273+00,Undine Combative,5865,h6g5,0.9561316,132
850,2024-09-26 14:18:41.894856+00,Undine Combative,5865,h6g5,0.9561316,132
851,2024-09-26 14:18:43.819478+00,Undine Combative,5865,h6g5,0.9561316,132
852,2024-09-26 14:18:44.932388+00,Undine Combative,5865,h6g5,0.9561316,132
853,2024-09-26 14:18:47.333405+00,Undine Combative,5865,h6g5,0.9561316,132
854,2024-09-26 14:18:49.539575+00,Undine Combative,5865,h6g5,0.9561316,132
855,2024-09-26 14:18:50.415544+00,Undine Combative,5865,h6g5,0.9561316,132
856,2024-09-26 14:18:54.136828+00,Undine Combative,5865,h6g5,0.9561316,132
857,2024-09-26 14:19:09.684808+00,Undine Combative,5865,h6g5,0.9561316,132
858,2024-09-26 14:19:10.388458+00,Undine Combative,5865,h6g5,0.9561316,132
859,2024-09-26 14:19:11.310918+00,Undine Combative,5865,h6g5,0.9561316,132
860,2024-09-26 14:19:26.066018+00,Undine Combative,5865,h6g5,0.9561316,132
902,2024-09-26 14:31:34.307164+00,Ignatius Perdu,5902,e1d2,1,160
903,2024-09-26 14:31:55.177898+00,Valencia Anxieuse,5903,c2a1,0.74867404,103
952,2024-09-26 14:37:59.622372+00,Undine Combative,5903,c2a1,0.74867404,51
953,2024-09-26 14:38:46.902199+00,Elowen Intraitable,5903,h6g5,1,138
1002,2024-09-26 14:45:26.205658+00,Roderick Égoïste,5952,g5g6,0.7182044,115
1003,2024-09-26 14:45:30.188792+00,Roderick Égoïste,5952,g5f5,0.9319946,149
1004,2024-09-26 14:45:55.381946+00,Roderick Égoïste,5952,g5g7,0.7033836,113
1005,2024-09-26 14:46:12.652891+00,Roderick Égoïste,5952,g5e3,0.8790608,141
1006,2024-09-26 14:46:45.038682+00,Valencia Anxieuse,6002,d8a5,0.9858366,136
1007,2024-09-26 15:02:19.693908+00,Undine Combative,6004,a5a4,0.8496428,117
1008,2024-09-26 15:07:24.004726+00,Valencia Anxieuse,6004,b4a3,0.97330064,134
1009,2024-09-26 15:09:04.559992+00,Elowen Intraitable,6004,b4a3,0.97330064,67
1010,2024-09-26 15:17:46.387423+00,Valencia Anxieuse,6006,a5a4,0.94726807,131
1011,2024-09-26 15:19:00.284739+00,Narcisse Diabolique,6006,h6h5,0.94224155,151
1012,2024-09-26 15:19:11.828539+00,Narcisse Diabolique,6006,h6h5,0.94224155,151
1013,2024-09-26 15:19:36.316954+00,Narcisse Diabolique,6006,e7e6,1,160
1014,2024-09-26 15:19:38.359729+00,Narcisse Diabolique,6006,h6h5,0.94224155,151
1015,2024-09-26 15:32:10.305033+00,Valencia Anxieuse,6008,c8b7,0.9486024,152
1016,2024-09-26 15:34:49.209294+00,Valencia Anxieuse,6008,a5a4,0.98044443,157
1017,2024-09-26 15:35:19.35954+00,Elowen Intraitable,6008,b5b4,1,160
1018,2024-09-26 15:46:59.634195+00,Valencia Anxieuse,6010,a5a4,0.9184471,147
1019,2024-09-26 15:49:42.007695+00,Elowen Intraitable,6010,e7e5,0.9208704,148
1020,2024-09-26 15:50:10.109085+00,Elowen Intraitable,6010,h8h6,0.9776042,157
1021,2024-09-26 16:04:13.6378+00,Elowen Intraitable,6012,b4c3,1,160
1022,2024-09-26 16:13:03.818616+00,Valencia Impitoyable,6013,b1c3,0.99959654,179
1023,2024-09-26 17:59:54.923981+00,Valencia Impitoyable,6027,h1a1,0.9899558,177
1024,2024-09-26 18:21:14.044538+00,Undine Combative,6030,d7d6,0.95653737,171
1025,2024-09-26 18:21:31.1791+00,Undine Combative,6030,d7d5,0.9715066,174
1026,2024-09-26 18:21:58.933615+00,Undine Combative,6030,b4c3,1,179
1027,2024-09-26 18:22:06.314322+00,Undine Combative,6030,d7d5,0.9715066,174
1028,2024-09-26 18:41:42.973259+00,Morgana Inquiétante,6033,h4g6,0.98156464,191
1029,2024-09-26 18:43:23.865583+00,Morgana Inquiétante,6033,c3d5,0.9324597,181
1030,2024-09-26 18:43:36.455977+00,Morgana Inquiétante,6033,e1b1,0.98083717,190
1031,2024-09-26 18:44:17.305133+00,Morgana Inquiétante,6033,e1c1,0.9813818,190
1032,2024-09-26 18:56:14.738324+00,Ignatius Perdu,6035,e4d5,0.9658943,187
1033,2024-09-26 18:56:23.781328+00,Ignatius Perdu,6035,e4f5,0.9836256,191
1034,2024-09-26 19:35:42.047303+00,Valencia Anxieuse,6040,c4a4,0.8946167,160
1035,2024-09-26 19:47:18.033214+00,Valencia Anxieuse,6042,a4e4,1,179
1036,2024-09-26 19:53:16.740971+00,Undine Combative,6042,d5d4,0.94871676,169
1037,2024-09-26 19:53:25.031438+00,Undine Combative,6042,a4h4,1,179
1038,2024-09-26 20:02:10.918513+00,Valencia Anxieuse,6044,h8h6,0.94492435,169
1039,2024-09-26 20:02:55.804268+00,Undine Combative,6044,h4e4,1,179
1040,2024-09-26 20:03:06.60407+00,Valencia Anxieuse,6044,h4e4,1,109
1041,2024-09-26 20:20:21.702284+00,Valencia Anxieuse,6046,h8h6,0.992166,177
1042,2024-09-26 20:21:59.050462+00,Valencia Anxieuse,6046,d8d6,0.86079645,154
1043,2024-09-26 20:22:19.323906+00,Valencia Anxieuse,6046,g8h6,0.9875205,176
1044,2024-09-26 20:22:30.725942+00,Valencia Anxieuse,6046,e4e5,0.992166,177
1045,2024-09-26 20:33:31.342254+00,Valencia Anxieuse,6048,e5d4,1,179
1046,2024-09-26 21:02:39.164997+00,Valencia Anxieuse,6052,h4e4,1,179
1047,2024-09-26 21:03:21.689633+00,Valencia Anxieuse,6052,d8d6,0.9472828,169
1048,2024-09-26 21:41:24.014988+00,Ignatius Perdu,6057,g8f7,0.9929845,193
1049,2024-09-27 05:47:29.991332+00,Undine Combative,6122,e7g5,1,179
1050,2024-09-27 05:49:18.659431+00,Lysander Insidieux,6122,e7e4,1,194
1051,2024-09-27 06:10:00.056627+00,Lysander Insidieux,6125,f7f5,0.79299724,154
1052,2024-09-27 06:14:18.637724+00,Undine Combative,6125,b8a6,0.712633,138
1053,2024-09-27 06:32:41.482027+00,Morgana Inquiétante,6128,g1f3,0.7741188,150
1054,2024-09-27 07:15:52.765328+00,Elowen Intraitable,6133,c7c5,0.65690017,127
1055,2024-09-27 07:24:53.990345+00,Pandora Monstrueuse,6135,h7h5,0.9255053,192
1056,2024-09-27 07:37:39.114486+00,Bram Dominateur,6136,e2e3,0.41483894,91
1057,2024-09-27 07:43:07.122507+00,Valerian Prédateur,6137,c5c4,0.4446388,102
1058,2024-09-27 07:43:09.553625+00,Valerian Prédateur,6137,c5c4,0.4446388,102
1059,2024-09-27 07:43:37.899893+00,Valerian Prédateur,6137,h5g4,0.9673752,222
1060,2024-09-27 07:44:41.139039+00,Ludovic Instable,6137,g8f6,0.5023266,120
1061,2024-09-27 07:44:55.36259+00,Pandora Monstrueuse,6137,h5g4,0.9673752,164
1062,2024-09-27 07:46:57.472719+00,Persephone Inquiétante,6138,h3g4,0.8677015,222
1063,2024-09-27 07:47:08.80287+00,Persephone Inquiétante,6138,d1a4,0.89968985,230
1064,2024-09-27 07:48:48.343998+00,Nathaniel Acharné,6138,e3e4,0.8758353,231
1065,2024-09-27 07:49:01.181484+00,Bram Dominateur,6138,h3g4,0.8677015,228
1066,2024-09-27 07:50:25.484201+00,Persephone Inquiétante,6138,h3g4,0.8677015,168
1067,2024-09-27 07:54:29.469163+00,Ludovic Instable,6139,c8g4,1,256
1068,2024-09-27 07:54:48.123442+00,Elowen Intraitable,6139,c8g4,1,187
1069,2024-09-27 07:56:07.941952+00,Valerian Prédateur,6139,c8g4,1,154
1070,2024-09-27 07:56:42.155362+00,Berenice Dominatrice,6139,c8g4,1,125
1102,2024-09-27 07:58:35.579412+00,Bram Dominateur,6152,c2c3,0.9117532,163
1103,2024-09-27 07:58:45.467663+00,Ludovic Instable,6152,e2e4,1,179
1104,2024-09-27 07:58:58.684757+00,Endora Orpheline,6152,e2e4,1,125
1105,2024-09-27 07:59:23.248207+00,Elowen Sanguinaire,6152,e2e4,1,84
1106,2024-09-27 08:00:20.229813+00,Valencia Anxieuse,6152,b1c3,0.8895731,184
1107,2024-09-27 08:00:30.151897+00,Valerian Prédateur,6152,d2d4,1,207
1108,2024-09-27 08:01:00.989969+00,Zephyrus Cynique,6152,e2e4,1,69
1109,2024-09-27 08:01:59.961867+00,Lysander Insidieux,6152,b2b4,0.7736181,160
1110,2024-09-27 08:02:27.302824+00,Elowen Sanguinaire,6152,"",0,0
1111,2024-09-27 08:02:32.832871+00,Elowen Sanguinaire,6152,"",0,0
1112,2024-09-27 08:02:34.172756+00,Elowen Sanguinaire,6152,"",0,0
1113,2024-09-27 08:02:35.433019+00,Elowen Sanguinaire,6152,"",0,0
1114,2024-09-27 08:02:36.601859+00,Elowen Sanguinaire,6152,"",0,0
1115,2024-09-27 08:02:38.091756+00,Elowen Sanguinaire,6152,"",0,0
1116,2024-09-27 08:02:39.199503+00,Elowen Sanguinaire,6152,"",0,0
1117,2024-09-27 08:02:40.122337+00,Elowen Sanguinaire,6152,"",0,0
1118,2024-09-27 08:02:40.881144+00,Elowen Sanguinaire,6152,"",0,0
1119,2024-09-27 08:02:41.642453+00,Elowen Sanguinaire,6152,"",0,0
1120,2024-09-27 08:02:42.444102+00,Elowen Sanguinaire,6152,"",0,0
1121,2024-09-27 08:02:43.235267+00,Elowen Sanguinaire,6152,"",0,0
1122,2024-09-27 08:02:44.262887+00,Elowen Sanguinaire,6152,"",0,0
1123,2024-09-27 08:02:45.833497+00,Elowen Sanguinaire,6152,"",0,0
1124,2024-09-27 08:02:46.764291+00,Elowen Sanguinaire,6152,"",0,0
1125,2024-09-27 08:02:47.840972+00,Elowen Sanguinaire,6152,"",0,0
1126,2024-09-27 08:02:48.880309+00,Elowen Sanguinaire,6152,"",0,0
1127,2024-09-27 08:02:49.923513+00,Elowen Sanguinaire,6152,"",0,0
1128,2024-09-27 08:02:54.212233+00,Elowen Sanguinaire,6152,"",0,0
1129,2024-09-27 08:02:55.197577+00,Montague Dévoué,6152,e2e4,1,81
1130,2024-09-27 08:03:04.991729+00,Elowen Sanguinaire,6152,"",0,0
1131,2024-09-27 08:03:11.134838+00,Elowen Sanguinaire,6152,"",0,0
1132,2024-09-27 08:03:22.488753+00,Elowen Sanguinaire,6152,e2e4,1,58
1133,2024-09-27 08:05:02.819126+00,Ptolemy Énigmatique,6152,d2d4,1,160
1134,2024-09-27 08:05:48.947496+00,Elowen Intraitable,6153,e7e5,0.9696693,223
1135,2024-09-27 08:05:55.729689+00,Amara Calculatrice,6153,e7e5,0.9696693,156
1136,2024-09-27 08:05:56.951389+00,Valentin Nocturne,6153,e7e5,0.9696693,116
1137,2024-09-27 08:06:09.113764+00,Ambrose Sardonique,6153,e7e5,0.9696693,88
1138,2024-09-27 08:06:41.456548+00,Persephone Inquiétante,6153,d7d5,0.91232675,210
1139,2024-09-27 08:07:44.568163+00,Pandora Monstrueuse,6153,c7c5,1,239
1140,2024-09-27 08:08:16.338443+00,Nathaniel Acharné,6153,d7d5,0.91232675,155
1141,2024-09-27 08:08:25.783097+00,Calypso Nébuleuse,6153,b7b5,0.5937606,142
1142,2024-09-27 08:08:41.154023+00,Calypso Nébuleuse,6153,b7b5,0.5937606,142
1143,2024-09-27 08:08:45.427037+00,Calypso Nébuleuse,6153,b7b5,0.5937606,142
1144,2024-09-27 08:08:51.388976+00,Calypso Nébuleuse,6153,b7b5,0.5937606,142
1145,2024-09-27 08:10:34.22967+00,Calypso Nébuleuse,6153,h7h5,0.7146871,171
1146,2024-09-27 08:10:35.765615+00,Calypso Nébuleuse,6153,b7b5,0.5937606,142
1147,2024-09-27 08:10:42.669578+00,Calypso Nébuleuse,6153,b8a6,0.7583579,181
1148,2024-09-27 08:13:15.399215+00,Endora Orpheline,6154,g1f3,0.9657186,231
1149,2024-09-27 08:13:26.774472+00,Ludovic Instable,6154,g1f3,0.9657186,164
1150,2024-09-27 08:13:27.225539+00,Lucius Orphelin,6154,g1f3,0.9657186,125
1151,2024-09-27 08:13:33.318606+00,Lysander Insidieux,6154,f1c4,0.8435221,202
1152,2024-09-27 08:14:19.378771+00,Delphinia Anxieuse,6154,c2c3,0.7364483,183
1153,2024-09-27 08:14:30.420683+00,Valerian Prédateur,6154,f1c4,0.8435221,151
1154,2024-09-27 08:15:12.593328+00,Valencia Anxieuse,6154,b1c3,0.8971232,222
1155,2024-09-27 08:17:04.841898+00,Ptolemy Énigmatique,6154,f1c4,0.8435221,116
1156,2024-09-27 08:17:12.105593+00,Bram Dominateur,6154,b2b3,0.6251662,155
1157,2024-09-27 08:19:32.729768+00,Montague Dévoué,6154,g1f3,0.9657186,106
1158,2024-09-27 08:20:50.764573+00,Ambrose Sardonique,6155,d7d6,0.94242823,234
1159,2024-09-27 08:20:51.97524+00,Valentin Nocturne,6155,b8c6,0.95012504,236
1160,2024-09-27 08:20:58.305132+00,Persephone Inquiétante,6155,b8c6,0.95012504,170
1161,2024-09-27 08:20:59.455083+00,Amara Calculatrice,6155,g8f6,0.9736162,241
1162,2024-09-27 08:21:06.80701+00,Elowen Intraitable,6155,d7d6,0.94242823,168
1163,2024-09-27 08:21:19.497866+00,Nathaniel Acharné,6155,b8c6,0.95012504,131
1164,2024-09-27 08:21:20.960977+00,Pandora Monstrueuse,6155,b8c6,0.95012504,104
1165,2024-09-27 08:22:18.312704+00,Undine Combative,6155,b8c6,0.95012504,83
1166,2024-09-27 08:24:27.606098+00,Calypso Nébuleuse,6155,g7g5,0.5007654,124
1167,2024-09-27 08:25:18.73885+00,Calypso Nébuleuse,6155,g8h6,0.57808053,143
1168,2024-09-27 08:25:31.379917+00,Calypso Nébuleuse,6155,f7f6,0.7145599,177
1169,2024-09-27 08:29:02.144019+00,Ludovic Instable,6156,f1b5,0.93471813,232
1170,2024-09-27 08:29:31.763431+00,Valencia Anxieuse,6156,b1c3,0.8682382,215
1171,2024-09-27 08:30:35.120487+00,Lucius Orphelin,6156,d2d3,0.8298583,206
1172,2024-09-27 08:30:52.107344+00,Montague Dévoué,6156,d2d3,0.8298583,148
1173,2024-09-27 08:31:45.247526+00,Valerian Prédateur,6156,f1c4,0.93471813,232
1174,2024-09-27 08:32:35.798311+00,Lysander Insidieux,6156,f1c4,0.93471813,167
1175,2024-09-27 08:33:22.263931+00,Ptolemy Énigmatique,6156,d2d4,0.87539744,217
1176,2024-09-27 08:35:54.788554+00,Elowen Intraitable,6157,g8f6,0.97358185,241
1177,2024-09-27 08:36:16.194635+00,Nathaniel Acharné,6157,g8h6,0.75485253,187
1178,2024-09-27 08:36:29.735924+00,Valentin Nocturne,6157,f8c5,0.9462032,235
1179,2024-09-27 08:36:32.308291+00,Ambrose Sardonique,6157,g8f6,0.97358185,174
1180,2024-09-27 08:37:30.983234+00,Persephone Inquiétante,6157,f8c5,0.9462032,169
1181,2024-09-27 08:39:01.432581+00,Calypso Nébuleuse,6157,g8h6,0.75485253,135
1182,2024-09-27 08:40:16.535223+00,Amara Calculatrice,6157,b7b6,0.6838136,169
1183,2024-09-27 08:41:40.663502+00,Undine Combative,6157,g8f6,0.97358185,134
1184,2024-09-27 08:43:02.155136+00,Pandora Monstrueuse,6157,g8f6,0.97358185,106
1185,2024-09-27 08:43:35.727107+00,Montague Dévoué,6158,d2d3,0.92313576,236
1186,2024-09-27 08:43:42.839985+00,Octavia Toxique,6158,b2b3,0.54750544,140
1187,2024-09-27 08:43:47.66679+00,Octavia Toxique,6158,b2b3,0.54750544,140
1188,2024-09-27 08:43:48.266936+00,Lucius Orphelin,6158,f3g5,0.90069723,231
1189,2024-09-27 08:43:58.606019+00,Lysander Insidieux,6158,b1a3,0.4516553,115
1190,2024-09-27 08:44:23.673173+00,Bram Dominateur,6158,a2a3,0.6128218,157
1191,2024-09-27 08:44:30.246141+00,Bram Dominateur,6158,d2d3,0.92313576,172
1192,2024-09-27 08:44:38.381523+00,Ludovic Instable,6158,b1c3,0.8028005,205
1193,2024-09-27 08:45:18.522256+00,Valencia Anxieuse,6158,b1a3,0.4516553,84
1194,2024-09-27 08:45:38.936351+00,Valerian Prédateur,6158,d2d3,0.92313576,135
1195,2024-09-27 08:46:25.593305+00,Endora Orpheline,6158,d2d4,0.82964826,212
1196,2024-09-27 08:47:49.47236+00,Delphinia Anxieuse,6158,f3e5,0.2743323,70
1197,2024-09-27 08:50:50.090724+00,Ambrose Sardonique,6159,c6a5,0.8104762,201
1198,2024-09-27 08:50:53.480147+00,Valentin Nocturne,6159,f8c5,1,248
1199,2024-09-27 08:51:20.836898+00,Valentin Nocturne,6159,d8e7,0.7942526,197
1200,2024-09-27 08:51:22.714632+00,Elowen Intraitable,6159,c6b4,0.64805496,161
1201,2024-09-27 08:52:06.665299+00,Nathaniel Acharné,6159,f8b4,0.847451,210
1202,2024-09-27 08:52:40.286214+00,Calypso Nébuleuse,6159,c6b4,0.64805496,116
1203,2024-09-27 08:52:42.454437+00,Nathaniel Acharné,6159,c6d4,0.7098092,176
1204,2024-09-27 08:52:47.358088+00,Nathaniel Acharné,6159,f8b4,0.847451,210
1205,2024-09-27 08:53:02.593367+00,Persephone Inquiétante,6159,f8c5,1,248
1206,2024-09-27 08:53:09.275339+00,Pandora Monstrueuse,6159,d7d5,0.88263875,219
1207,2024-09-27 08:53:26.98715+00,Pandora Monstrueuse,6159,d7d5,0.88263875,219
1208,2024-09-27 08:53:28.39502+00,Pandora Monstrueuse,6159,d7d5,0.88263875,219
1209,2024-09-27 08:54:08.085229+00,Amara Calculatrice,6159,f8c5,1,179
1210,2024-09-27 08:58:06.868882+00,Undine Combative,6159,f8b4,0.847451,151
1211,2024-09-27 08:58:57.883803+00,Delphinia Anxieuse,6160,f3g5,0.6643367,170
1212,2024-09-27 08:59:09.921389+00,Lysander Insidieux,6160,h2h4,0.6615968,169
1213,2024-09-27 08:59:13.379581+00,Lucius Orphelin,6160,c1g5,0.71548355,183
1214,2024-09-27 08:59:35.591789+00,Lucius Orphelin,6160,f3e5,0.98284,252
1215,2024-09-27 08:59:41.565164+00,Endora Orpheline,6160,f3g5,0.6643367,124
1216,2024-09-27 09:00:07.296367+00,Endora Orpheline,6160,e1g1,1,256
1217,2024-09-27 09:00:14.434904+00,Ludovic Instable,6160,e1g1,1,187
1218,2024-09-27 09:00:18.804451+00,Endora Orpheline,6160,a2a3,0.8869492,227
1219,2024-09-27 09:00:28.057838+00,Valerian Prédateur,6160,b1c3,1,256
1220,2024-09-27 09:01:51.807507+00,Ptolemy Énigmatique,6160,f3e5,0.98284,183
1221,2024-09-27 09:02:06.654893+00,Valencia Anxieuse,6160,a2a3,0.8869492,166
1222,2024-09-27 09:03:17.172584+00,Montague Dévoué,6160,c1g5,0.71548355,183
1223,2024-09-27 09:03:19.256724+00,Ludovic Instable,6160,e1g1,1,256
1224,2024-09-27 09:04:32.165566+00,Bram Dominateur,6160,g2g3,0.5698189,146
1225,2024-09-27 09:04:46.209366+00,Bram Dominateur,6160,b2b3,0.71548355,183
1226,2024-09-27 09:04:53.976607+00,Lucius Orphelin,6160,f3e5,0.98284,183
1227,2024-09-27 09:05:42.562915+00,Elowen Intraitable,6161,f8c5,0.41668355,103
1228,2024-09-27 09:05:57.636828+00,Amara Calculatrice,6161,h7h6,0.3091051,76
1229,2024-09-27 09:06:07.204279+00,Ambrose Sardonique,6161,d7d6,0.35318473,87
1230,2024-09-27 09:06:22.869539+00,Valentin Nocturne,6161,d7d6,0.35318473,63
1231,2024-09-27 09:06:32.336713+00,Calypso Nébuleuse,6161,g7g6,0.32108304,79
1232,2024-09-27 09:06:45.061515+00,Valentin Nocturne,6161,d8e7,0.7231934,179
1233,2024-09-27 09:07:21.256831+00,Nathaniel Acharné,6161,d8e7,0.7231934,135
1234,2024-09-27 09:07:26.847005+00,Pandora Monstrueuse,6161,d7d5,0.84675545,217
1235,2024-09-27 09:07:48.180555+00,Ysabeau Toxique,6161,c7c6,0.4536357,116
1236,2024-09-27 09:07:54.238621+00,Ysabeau Toxique,6161,c7c6,0.4536357,116
1237,2024-09-27 09:08:00.568029+00,Persephone Inquiétante,6161,f8c5,0.41668355,77
1238,2024-09-27 09:09:21.534281+00,Nathaniel Acharné,6161,d7d5,0.84675545,158
1239,2024-09-27 09:13:39.20644+00,Valencia Anxieuse,6162,a2a3,0.870235,223
1240,2024-09-27 09:13:44.996533+00,Montague Dévoué,6162,e4d5,0.94722205,242
1241,2024-09-27 09:13:59.268673+00,Lucius Orphelin,6162,e4d5,0.94722205,177
1242,2024-09-27 09:14:02.554271+00,Ludovic Instable,6162,e4d5,0.94722205,138
1243,2024-09-27 09:14:08.638717+00,Endora Orpheline,6162,c4b3,0.7917837,203
1244,2024-09-27 09:15:13.474364+00,Lucius Orphelin,6162,c4b5,0.4696236,120
1245,2024-09-27 09:15:24.273261+00,Bram Dominateur,6162,e4d5,0.94722205,145
1246,2024-09-27 09:15:33.559002+00,Lucius Orphelin,6162,e4d5,0.94722205,118
1247,2024-09-27 09:15:34.844331+00,Delphinia Anxieuse,6162,a2a3,0.870235,169
1248,2024-09-27 09:16:51.53062+00,Ptolemy Énigmatique,6162,a2a3,0.870235,134
1249,2024-09-27 09:17:05.742606+00,Isadora Rancunière,6162,b1c3,0.22096197,58
1250,2024-09-27 09:17:17.143755+00,Isadora Rancunière,6162,e1g1,0.21276747,56
1251,2024-09-27 09:18:56.746933+00,Valerian Prédateur,6162,e4d5,0.94722205,97
1252,2024-09-27 09:21:05.743346+00,Valentin Nocturne,6163,f6d5,0.621819,164
1253,2024-09-27 09:21:05.831782+00,Elowen Intraitable,6163,f8c5,0.8450252,223
1254,2024-09-27 09:21:28.223135+00,Nathaniel Acharné,6163,b4d5,0.95793676,252
1255,2024-09-27 09:21:47.249831+00,Persephone Inquiétante,6163,b4d5,0.95793676,186
1256,2024-09-27 09:22:09.631871+00,Ambrose Sardonique,6163,b7b5,0.36444938,96
1257,2024-09-27 09:22:24.807074+00,Ysabeau Toxique,6163,f6g4,0.330258,87
1258,2024-09-27 09:23:16.952653+00,Ambrose Sardonique,6163,f8d6,0.9296999,245
1259,2024-09-27 09:23:21.294411+00,Calypso Nébuleuse,6163,a7a5,0.5386673,142
1260,2024-09-27 09:28:42.385691+00,Lysander Insidieux,6164,f2f4,0.85300845,225
1261,2024-09-27 09:28:46.364978+00,Valencia Anxieuse,6164,d3d4,0.9008419,237
1262,2024-09-27 09:28:51.512729+00,Montague Dévoué,6164,e1g1,1,270
1263,2024-09-27 09:28:52.268977+00,Lysander Insidieux,6164,a2a4,0.8039676,217
1264,2024-09-27 09:29:06.940267+00,Morwenna Calculatrice,6164,c4d5,0.79127586,214
1265,2024-09-27 09:29:10.641881+00,Bram Dominateur,6164,c4d5,0.79127586,159
1266,2024-09-27 09:29:11.718938+00,Ludovic Instable,6164,e1g1,1,201
1267,2024-09-27 09:29:33.308813+00,Bram Dominateur,6164,d3d4,0.9008419,181
1268,2024-09-27 09:30:35.942019+00,Lucius Orphelin,6164,e1g1,1,160
1269,2024-09-27 09:30:37.371073+00,Lucius Orphelin,6164,h1f1,0.41907653,113
1270,2024-09-27 09:30:53.527255+00,Lucius Orphelin,6164,e1g1,1,160
1271,2024-09-27 09:30:57.26038+00,Valerian Prédateur,6164,b1c3,0.9652546,261
1272,2024-09-27 09:30:57.973678+00,Lucius Orphelin,6164,h1f1,0.41907653,113
1273,2024-09-27 09:30:58.793401+00,Delphinia Anxieuse,6164,e1g1,1,160
1274,2024-09-27 09:31:00.183366+00,Lucius Orphelin,6164,e1g1,1,132
1275,2024-09-27 09:31:48.909808+00,Isadora Rancunière,6164,g2g4,0.4613505,124
1276,2024-09-27 09:33:22.333705+00,Isadora Rancunière,6164,e1g1,1,109
1277,2024-09-27 09:34:16.867481+00,Endora Orpheline,6164,c4b3,0.8835302,239
1278,2024-09-27 09:34:25.902909+00,Endora Orpheline,6164,e1g1,1,91
1279,2024-09-27 09:34:30.637815+00,Endora Orpheline,6164,c1g5,1,270
1280,2024-09-27 09:34:36.565206+00,Endora Orpheline,6164,e1g1,1,91
1281,2024-09-27 09:35:42.291948+00,Elowen Intraitable,6165,f8c5,0.84820837,229
1282,2024-09-27 09:35:46.239174+00,Elowen Intraitable,6165,f8c5,0.84820837,229
1283,2024-09-27 09:36:12.302575+00,Valentin Nocturne,6165,c8g4,0.30380154,82
1284,2024-09-27 09:37:23.977415+00,Ambrose Sardonique,6165,d5f4,0.2845124,77
1285,2024-09-27 09:37:31.650208+00,Amara Calculatrice,6165,h7h6,0.87577504,237
1286,2024-09-27 09:39:01.953193+00,Undine Combative,6165,d8d6,0.7723476,209
1287,2024-09-27 09:39:29.818952+00,Undine Combative,6165,f8c5,0.84820837,170
1288,2024-09-27 09:39:35.273319+00,Nathaniel Acharné,6165,c7c6,0.94147897,254
1289,2024-09-27 09:39:41.674792+00,Calypso Nébuleuse,6165,b7b5,0.35066256,94
1290,2024-09-27 09:39:45.695034+00,Calypso Nébuleuse,6165,b7b6,0.38937512,105
1291,2024-09-27 09:39:53.608056+00,Ambrose Sardonique,6165,c7c6,0.94147897,189
1292,2024-09-27 09:43:30.975246+00,Bram Dominateur,6166,b1c3,0.8530084,230
1293,2024-09-27 09:43:34.516343+00,Lucius Orphelin,6166,f1e1,0.98075724,265
1294,2024-09-27 09:43:34.674841+00,Bram Dominateur,6166,b1d2,0.910154,246
1295,2024-09-27 09:43:39.770602+00,Valencia Anxieuse,6166,b1c3,0.8530084,230
1296,2024-09-27 09:43:40.076058+00,Lysander Insidieux,6166,c1g5,0.9379621,254
1297,2024-09-27 09:43:42.167211+00,Isadora Rancunière,6166,c1g5,0.9379621,188
1298,2024-09-27 09:44:31.997204+00,Delphinia Anxieuse,6166,f1e1,0.98075724,197
1299,2024-09-27 09:45:25.355672+00,Ludovic Instable,6166,c1g5,0.9379621,150
1300,2024-09-27 09:45:34.161098+00,Endora Orpheline,6166,f1e1,0.98075724,157
1301,2024-09-27 09:46:38.596045+00,Ignatius Perdu,6166,c4d5,0.87287325,242
1302,2024-09-27 09:48:05.457934+00,Montague Dévoué,6166,f1e1,0.98075724,135
1303,2024-09-27 09:50:43.573752+00,Elowen Intraitable,6167,f8c5,0.349431,96
1304,2024-09-27 09:51:07.587462+00,Ambrose Sardonique,6167,f8c5,0.349431,72
1305,2024-09-27 09:51:26.474972+00,Valentin Nocturne,6167,f8d6,0.3400598,94
1306,2024-09-27 09:52:16.660684+00,Amara Calculatrice,6167,c8e6,0.99159205,274
1307,2024-09-27 09:52:16.856805+00,Valentin Nocturne,6167,f8e7,0.9189203,254
1308,2024-09-27 09:52:39.566231+00,Ambrose Sardonique,6167,d8d6,0.41117528,114
1309,2024-09-27 09:52:42.621392+00,Nathaniel Acharné,6167,f8b4,0.33486626,92
1310,2024-09-27 09:53:06.024281+00,Calypso Nébuleuse,6167,c8g4,0.31001446,85
1311,2024-09-27 09:53:07.164222+00,Nathaniel Acharné,6167,d8a5,0.33900276,93
1312,2024-09-27 09:53:08.895537+00,Ambrose Sardonique,6167,f8b4,0.33486626,92
1313,2024-09-27 09:53:14.283026+00,Nathaniel Acharné,6167,d8b6,0.35409093,98
1314,2024-09-27 09:53:43.675592+00,Nathaniel Acharné,6167,d8d6,0.41117528,114
1315,2024-09-27 09:54:41.171536+00,Ambrose Sardonique,6167,d8d6,0.41117528,85
1316,2024-09-27 09:55:00.26243+00,Valentin Nocturne,6167,d8e7,0.44451067,123
1317,2024-09-27 09:55:12.082492+00,Ambrose Sardonique,6167,d8b6,0.35409093,98
1318,2024-09-27 09:56:27.280416+00,Valentin Nocturne,6167,f6e4,0.31368786,86
1319,2024-09-27 09:57:34.559166+00,Valentin Nocturne,6167,f8e7,0.9189203,254
1320,2024-09-27 09:57:52.845491+00,Valentin Nocturne,6167,d8e7,0.44451067,123
1321,2024-09-27 09:58:14.505322+00,Valencia Anxieuse,6168,e5c6,0.39047632,108
1322,2024-09-27 09:58:41.583987+00,Endora Orpheline,6168,e5g6,0.64979035,180
1323,2024-09-27 09:58:59.424811+00,Montague Dévoué,6168,e5c6,0.39047632,81
1324,2024-09-27 09:59:27.633662+00,Endora Orpheline,6168,e5c6,0.39047632,65
1325,2024-09-27 09:59:50.004449+00,Endora Orpheline,6168,e5g6,0.64979035,180
1326,2024-09-27 10:00:05.09419+00,Lucius Orphelin,6168,e5c6,0.39047632,65
1327,2024-09-27 10:00:24.931248+00,Ludovic Instable,6168,c1e3,0.3568114,98
1328,2024-09-27 10:01:18.220561+00,Delphinia Anxieuse,6168,e5c6,0.39047632,54
1329,2024-09-27 10:01:22.408712+00,Lucius Orphelin,6168,c1e3,0.3568114,74
1330,2024-09-27 10:01:47.186378+00,Lucius Orphelin,6168,d1f3,0.34868997,96
1331,2024-09-27 10:05:48.632651+00,Valentin Nocturne,6169,e8d7,0.37982753,105
1332,2024-09-27 10:05:57.086935+00,Valentin Nocturne,6169,d5e7,0.49298316,136
1333,2024-09-27 10:06:03.93078+00,Elowen Intraitable,6169,e8d7,0.37982753,105
1334,2024-09-27 10:06:13.799186+00,Nathaniel Acharné,6169,c8e6,0.84131324,233
1335,2024-09-27 10:06:38.37431+00,Amara Calculatrice,6169,e8d7,0.37982753,81
1336,2024-09-27 10:08:11.205349+00,Pandora Monstrueuse,6169,c8e6,0.84131324,184
1337,2024-09-27 10:14:19.007876+00,Ptolemy Énigmatique,6170,c6e5,0.9183775,265
1338,2024-09-27 10:15:03.34465+00,Bram Dominateur,6170,b1d2,0.20003259,57
1339,2024-09-27 10:15:40.671278+00,Valerian Prédateur,6170,c6e5,0.9183775,201
1340,2024-09-27 10:18:05.269877+00,Yorick Monstrueux,6170,c6d4,0.3111244,91
1341,2024-09-27 10:19:22.030584+00,Lucius Orphelin,6170,c6e5,0.9183775,169
1342,2024-09-27 10:19:32.718305+00,Delphinia Anxieuse,6170,c6d4,0.3111244,70
1343,2024-09-27 10:19:35.978365+00,Montague Dévoué,6170,c6e5,0.9183775,143
1344,2024-09-27 10:19:50.138122+00,Ludovic Instable,6170,c6e5,0.9183775,122
1345,2024-09-27 10:21:27.078402+00,Valentin Nocturne,6171,d7d6,0.8011696,231
1346,2024-09-27 10:22:11.474507+00,Nathaniel Acharné,6171,d7e8,0.8737779,252
1347,2024-09-27 10:22:19.843575+00,Pandora Monstrueuse,6171,d7c7,0.93877256,271
1348,2024-09-27 10:22:29.783346+00,Amara Calculatrice,6171,d7d6,0.8011696,176
1349,2024-09-27 10:23:25.814882+00,Calypso Nébuleuse,6171,d7e6,0.7067573,208
1350,2024-09-27 10:24:29.80189+00,Persephone Inquiétante,6171,d7d8,0.80853146,238
1351,2024-09-27 10:28:24.109915+00,Lucius Orphelin,6172,e5f7,1,294
1352,2024-09-27 10:28:26.38431+00,Endora Orpheline,6172,e5f7,1,230
1353,2024-09-27 10:28:29.200922+00,Ludovic Instable,6172,e5f7,1,189
1354,2024-09-27 10:29:28.35475+00,Montague Dévoué,6172,e5f7,1,160
1355,2024-09-27 10:29:58.353191+00,Valerian Prédateur,6172,b1c3,0.99969643,299
1356,2024-09-27 10:30:02.986596+00,Valerian Prédateur,6172,g2g3,0.8256529,247
1357,2024-09-27 10:30:04.273436+00,Yorick Monstrueux,6172,d1h5,0.06488884,19
1358,2024-09-27 10:30:05.417945+00,Valerian Prédateur,6172,b1c3,0.99969643,299
1359,2024-09-27 10:33:11.724922+00,Lucius Orphelin,6172,e5f7,1,165
1360,2024-09-27 10:33:18.931721+00,Delphinia Anxieuse,6172,e5f7,1,143
1361,2024-09-27 10:35:26.704452+00,Lucius Orphelin,6172,e5f7,1,143
1362,2024-09-27 10:35:41.013775+00,Ignatius Perdu,6172,c4d5,1,304
1363,2024-09-27 10:36:17.910934+00,Valentin Nocturne,6173,d6c5,0.8778404,267
1364,2024-09-27 10:38:00.500791+00,Zorina Nébuleuse,6173,d6d7,0.9817675,298
1365,2024-09-27 10:38:27.230046+00,Nathaniel Acharné,6173,d6c7,1,304
1366,2024-09-27 10:39:30.298244+00,Valentin Nocturne,6173,d6c7,1,235
1367,2024-09-27 10:39:35.905945+00,Amara Calculatrice,6173,d6c6,0.90089715,274
1368,2024-09-27 10:40:19.927932+00,Amara Calculatrice,6173,d6c7,1,194
1369,2024-09-27 10:43:25.147457+00,Lucius Orphelin,6174,f7h8,0.84904975,258
1370,2024-09-27 10:43:26.226677+00,Endora Orpheline,6174,f7h8,0.84904975,199
1371,2024-09-27 10:43:36.421483+00,Ludovic Instable,6174,f7h8,0.84904975,165
1372,2024-09-27 10:43:49.623606+00,Valerian Prédateur,6174,f7h8,0.84904975,140
1373,2024-09-27 10:44:30.786322+00,Yorick Monstrueux,6174,e1e3,0.6478194,197
1374,2024-09-27 10:44:34.663217+00,Montague Dévoué,6174,f7h8,0.84904975,121
1375,2024-09-27 10:45:15.566937+00,Delphinia Anxieuse,6174,c1e3,0.58530635,178
1376,2024-09-27 10:50:57.204325+00,Nathaniel Acharné,6175,c8g4,0.9598766,292
1377,2024-09-27 10:53:56.223249+00,Pandora Monstrueuse,6175,f6g4,1,304
1378,2024-09-27 10:54:22.416475+00,Valentin Nocturne,6175,c8e6,0.917735,279
1379,2024-09-27 10:54:55.740518+00,Amara Calculatrice,6175,c8g4,0.9598766,225
1380,2024-09-27 10:58:34.350175+00,Endora Orpheline,6176,d1d2,1,309
1381,2024-09-27 10:58:53.120498+00,Montague Dévoué,6176,e1e2,0.6951998,214
1382,2024-09-27 10:58:53.6182+00,Lucius Orphelin,6176,h2h3,0.13643132,42
1383,2024-09-27 10:59:01.948571+00,Ludovic Instable,6176,d1d2,1,239
1384,2024-09-27 10:59:34.21835+00,Yorick Monstrueux,6176,e1e2,0.6951998,166
1385,2024-09-27 10:59:48.931106+00,Lucius Orphelin,6176,d1d2,1,199
1386,2024-09-27 11:00:05.897616+00,Yorick Monstrueux,6176,h2h3,0.13643132,42
1387,2024-09-27 11:00:41.316189+00,Lucius Orphelin,6176,e1e2,0.6951998,166
1388,2024-09-27 11:04:26.271105+00,Lucius Orphelin,6176,d1d2,1,199
1389,2024-09-27 11:05:21.611188+00,Ludovic Instable,6176,e1e2,0.6951998,166
1390,2024-09-27 11:06:15.758669+00,Nathaniel Acharné,6177,f8b4,0.97650295,297
1391,2024-09-27 11:06:34.490427+00,Valentin Nocturne,6177,f8b4,0.97650295,229
1392,2024-09-27 11:07:09.904224+00,Amara Calculatrice,6177,f8b4,0.97650295,190
1393,2024-09-27 11:07:14.002883+00,Nathaniel Acharné,6177,f8c5,0.964816,293
1394,2024-09-27 11:07:33.435107+00,Nathaniel Acharné,6177,f8b4,0.97650295,190
1395,2024-09-27 11:09:13.799856+00,Valentin Nocturne,6177,h7h6,0.88780093,270
1396,2024-09-27 11:09:28.652177+00,Valentin Nocturne,6177,f8b4,0.97650295,190
1397,2024-09-27 11:09:42.509646+00,Pandora Monstrueuse,6177,f8c5,0.964816,293
1398,2024-09-27 11:11:31.587337+00,Valentin Nocturne,6177,g7g6,0.85461044,260
1399,2024-09-27 11:13:19.636417+00,Endora Orpheline,6178,b1c3,1,309
1400,2024-09-27 11:13:29.626887+00,Valerian Prédateur,6178,c2c3,1,309
1401,2024-09-27 11:13:32.426561+00,Lucius Orphelin,6178,c2c3,1,239
1402,2024-09-27 11:13:45.530117+00,Ludovic Instable,6178,c2c3,1,199
1403,2024-09-27 11:14:55.856364+00,Montague Dévoué,6178,b1c3,1,239
1404,2024-09-27 11:15:22.047822+00,Delphinia Anxieuse,6178,c2c3,1,170
1405,2024-09-27 11:16:10.165772+00,Lucius Orphelin,6178,b1c3,1,199
1406,2024-09-27 11:19:23.430979+00,Yorick Monstrueux,6178,e1e7,0.60130036,185
1407,2024-09-27 11:21:18.847179+00,Valentin Nocturne,6179,b4c5,1,304
1408,2024-09-27 11:23:46.403335+00,Nathaniel Acharné,6179,a8h8,0.95079994,289
1409,2024-09-27 11:24:22.348029+00,Zorina Nébuleuse,6179,b4c5,1,235
1410,2024-09-27 11:24:23.13549+00,Amara Calculatrice,6179,a8h8,0.95079994,223
1411,2024-09-27 11:28:16.907708+00,Endora Orpheline,6180,d3d4,1,309
1412,2024-09-27 11:28:58.633969+00,Ludovic Instable,6180,h8f7,1,309
1413,2024-09-27 11:29:10.417634+00,Valerian Prédateur,6180,h2h3,0.91953677,284
1414,2024-09-27 11:29:11.712726+00,Yorick Monstrueux,6180,d2f4,0.27689084,85
1415,2024-09-27 11:29:13.917497+00,Montague Dévoué,6180,d3d4,1,239
1416,2024-09-27 11:29:36.697684+00,Lucius Orphelin,6180,d3d4,1,199
1417,2024-09-27 11:30:28.069583+00,Lucius Orphelin,6180,c4d5,1,309
1418,2024-09-27 11:30:58.056521+00,Lucius Orphelin,6180,d3d4,1,199
1419,2024-09-27 11:37:03.259486+00,Valentin Nocturne,6181,c5d6,0.9652602,293
1420,2024-09-27 11:37:16.961364+00,Valentin Nocturne,6181,f6e4,0.7568199,230
1421,2024-09-27 11:37:20.109906+00,Nathaniel Acharné,6181,a8h8,0.931858,283
1422,2024-09-27 11:38:43.760851+00,Amara Calculatrice,6181,a8h8,0.931858,219
1423,2024-09-27 11:38:48.078006+00,Valentin Nocturne,6181,a8h8,0.931858,181
1424,2024-09-27 11:43:39.699041+00,Ptolemy Énigmatique,6182,b2b4,0.8149432,251
1425,2024-09-27 11:44:09.33076+00,Lucius Orphelin,6182,d4c5,1,309
1426,2024-09-27 11:44:23.359987+00,Endora Orpheline,6182,d4c5,1,239
1427,2024-09-27 11:44:33.801839+00,Valerian Prédateur,6182,d2g5,0.9497442,293
1428,2024-09-27 11:44:51.432982+00,Ptolemy Énigmatique,6182,d2g5,0.9497442,227
1429,2024-09-27 11:45:41.417688+00,Montague Dévoué,6182,d4c5,1,199
1430,2024-09-27 11:45:58.012924+00,Delphinia Anxieuse,6182,d4c5,1,170
1431,2024-09-27 11:46:03.034797+00,Ludovic Instable,6182,e1e5,0.80662507,249
1432,2024-09-27 11:50:50.167491+00,Nathaniel Acharné,6183,b6c5,1,304
1433,2024-09-27 11:51:52.276499+00,Valentin Nocturne,6183,b6c5,1,235
1434,2024-09-27 11:52:04.206483+00,Amara Calculatrice,6183,b6c5,1,194
1435,2024-09-27 11:53:13.770729+00,Lysandra Sanglante,6183,b6b3,0.78312266,242
1436,2024-09-27 11:53:33.431897+00,Lysandra Sanglante,6183,b6b3,0.78312266,242
1437,2024-09-27 11:53:36.988062+00,Lysandra Sanglante,6183,b6b3,0.78312266,242
1438,2024-09-27 11:53:39.080084+00,Lysandra Sanglante,6183,b6b2,0.79889643,246
1439,2024-09-27 11:53:59.446313+00,Lysandra Sanglante,6183,b6b2,0.79889643,246
1440,2024-09-27 11:54:05.125814+00,Lysandra Sanglante,6183,b6b2,0.79889643,246
1441,2024-09-27 11:54:07.82829+00,Lysandra Sanglante,6183,b6b2,0.79889643,246
1442,2024-09-27 11:54:09.680097+00,Lysandra Sanglante,6183,b6b3,0.78312266,242
1443,2024-09-27 11:54:16.093185+00,Lysandra Sanglante,6183,b6b3,0.78312266,242
1444,2024-09-27 11:54:21.380658+00,Lysandra Sanglante,6183,b6b3,0.78312266,242
1445,2024-09-27 11:54:39.254384+00,Lysandra Sanglante,6183,d5b4,0.780711,241
1446,2024-09-27 11:54:40.427518+00,Lysandra Sanglante,6183,d5b4,0.780711,241
1447,2024-09-27 11:54:44.849185+00,Lysandra Sanglante,6183,d5b4,0.780711,241
1448,2024-09-27 11:55:05.278875+00,Ambrose Sardonique,6183,g7g5,0.78564686,242
1449,2024-09-27 11:55:09.749776+00,Lysandra Sanglante,6183,g7g5,0.78564686,188
1450,2024-09-27 11:55:12.068994+00,Lysandra Sanglante,6183,g7g5,0.78564686,188
1451,2024-09-27 11:55:36.262957+00,Lysandra Sanglante,6183,g7g5,0.78564686,188
1452,2024-09-27 11:55:37.619352+00,Lysandra Sanglante,6183,g7g5,0.78564686,188
1453,2024-09-27 11:55:40.267953+00,Lysandra Sanglante,6183,b6a5,0.8912007,275
1454,2024-09-27 11:55:41.146655+00,Lysandra Sanglante,6183,b6a5,0.8912007,275
1455,2024-09-27 11:55:42.071833+00,Lysandra Sanglante,6183,b6a5,0.8912007,275
1456,2024-09-27 11:55:50.007099+00,Lysandra Sanglante,6183,c7d8,0.79379153,245
1457,2024-09-27 11:55:52.035195+00,Lysandra Sanglante,6183,c7d8,0.79379153,245
1458,2024-09-27 11:55:53.647343+00,Lysandra Sanglante,6183,a7a6,0.77949244,240
1459,2024-09-27 11:55:55.357359+00,Lysandra Sanglante,6183,a7a6,0.77949244,240
1460,2024-09-27 11:56:25.896353+00,Lysandra Sanglante,6183,a7a6,0.77949244,240
1461,2024-09-27 11:57:05.663917+00,Ambrose Sardonique,6183,b6c6,1,309
1462,2024-09-27 11:58:19.251703+00,Endora Orpheline,6184,c4d5,1,309
1463,2024-09-27 11:58:29.458779+00,Valencia Anxieuse,6184,c4d5,1,239
1464,2024-09-27 11:58:33.207211+00,Valerian Prédateur,6184,b2b4,0.90869766,280
1465,2024-09-27 11:58:37.158329+00,Lucius Orphelin,6184,b2b4,0.90869766,217
1466,2024-09-27 11:59:23.078031+00,Montague Dévoué,6184,c4d5,1,199
1467,2024-09-27 11:59:47.601623+00,Lucius Orphelin,6184,d2d4,0.90631324,280
1468,2024-09-27 12:00:47.921688+00,Ludovic Instable,6184,b2b3,0.92631173,286
1469,2024-09-27 12:00:55.72776+00,Delphinia Anxieuse,6184,d2g5,0.9751737,301
1470,2024-09-27 12:04:15.515291+00,Delphinia Anxieuse,6184,b1a3,0.966606,298
1471,2024-09-27 12:05:50.770888+00,Elowen Intraitable,6185,f6d5,0.9933638,307
1472,2024-09-27 12:05:59.510624+00,Valentin Nocturne,6185,f6d5,0.9933638,238
1473,2024-09-27 12:06:04.996359+00,Nathaniel Acharné,6185,f6d5,0.9933638,197
1474,2024-09-27 12:06:27.270792+00,Amara Calculatrice,6185,h8d8,0.95790565,296
1475,2024-09-27 12:06:45.377647+00,Ysabeau Toxique,6185,f6e4,0.8430718,260
1476,2024-09-27 12:06:50.114717+00,Ambrose Sardonique,6185,f6d5,0.9933638,169
1477,2024-09-27 12:06:57.090879+00,Nathaniel Acharné,6185,h8d8,0.95790565,229
1478,2024-09-27 12:07:57.356106+00,Nathaniel Acharné,6185,f6d5,0.9933638,169
1479,2024-09-27 12:09:34.051583+00,Pandora Monstrueuse,6185,f6d5,0.9933638,147
1480,2024-09-27 12:11:37.278105+00,Algernon Orphelin,6185,c7c8,0.98708177,309
1481,2024-09-27 12:12:48.471326+00,Zorina Nébuleuse,6185,c5d5,1,313
1482,2024-09-27 12:13:19.786923+00,Endora Orpheline,6186,d2g5,1,317
1483,2024-09-27 12:13:46.762082+00,Lucius Orphelin,6186,d2d4,0.8361128,265
1484,2024-09-27 12:13:53.1444+00,Valencia Anxieuse,6186,e1e7,0.5074678,161
1485,2024-09-27 12:13:58.484149+00,Isadora Rancunière,6186,b2b4,0.9519393,302
1486,2024-09-27 12:14:00.446193+00,Calypso Anxieuse,6186,d2d3,0.9081396,288
1487,2024-09-27 12:14:36.203661+00,Montague Dévoué,6186,b2b4,0.9519393,236
1488,2024-09-27 12:14:42.581765+00,Valencia Anxieuse,6186,e1e4,0.90709686,288
1489,2024-09-27 12:15:19.630863+00,Valerian Prédateur,6186,b2b4,0.9519393,197
1490,2024-09-27 12:15:52.669614+00,Delphinia Anxieuse,6186,d2g5,1,248
1491,2024-09-27 12:16:09.975006+00,Ludovic Instable,6186,d2g5,1,207
1492,2024-09-27 12:16:28.278408+00,Lysander Insidieux,6186,b1a3,0.9335269,296
1493,2024-09-27 12:20:43.676799+00,Elowen Intraitable,6187,h8f8,1,313
1494,2024-09-27 12:21:00.576309+00,Elowen Intraitable,6187,h7h6,0.9002089,282
1495,2024-09-27 12:21:02.429895+00,Valentin Nocturne,6187,h8f8,1,313
1496,2024-09-27 12:21:27.514867+00,Nathaniel Acharné,6187,g4d7,1,313
1497,2024-09-27 12:21:55.704186+00,Elowen Intraitable,6187,h7h5,0.8986488,281
1498,2024-09-27 12:22:36.914154+00,Ambrose Sardonique,6187,g4e6,0.89448196,284
1499,2024-09-27 12:25:24.643618+00,Ysabeau Toxique,6187,h7h6,0.9002089,286
1500,2024-09-27 12:25:26.292099+00,Ysabeau Toxique,6187,h7h5,0.8986488,223
1501,2024-09-27 12:26:20.558404+00,Pandora Monstrueuse,6187,d5f6,0.80179983,254
1502,2024-09-27 12:26:32.42839+00,Amara Calculatrice,6187,h8f8,1,248
1503,2024-09-27 12:28:21.775123+00,Valerian Prédateur,6188,g5g4,0,0
1504,2024-09-27 12:28:31.362937+00,Lucius Orphelin,6188,e1e2,0.79053354,254
1505,2024-09-27 12:28:35.243124+00,Montague Dévoué,6188,g5g7,0.82764935,266
1506,2024-09-27 12:28:36.318547+00,Endora Orpheline,6188,c1e3,1,321
1507,2024-09-27 12:29:06.787989+00,Valencia Anxieuse,6188,e1e5,0,0
1508,2024-09-27 12:29:09.344647+00,Lucius Orphelin,6188,c1e3,1,252
1509,2024-09-27 12:29:14.695321+00,Ludovic Instable,6188,e1f1,0.92027813,296
1510,2024-09-27 12:32:03.895901+00,Delphinia Anxieuse,6188,c1e3,1,212
1511,2024-09-27 12:32:05.26615+00,Ludovic Instable,6188,c1e3,1,183
1512,2024-09-27 12:36:08.246163+00,Elowen Intraitable,6189,g4f5,0.84087473,270
1513,2024-09-27 12:36:25.734011+00,Elowen Intraitable,6189,c5c4,0.90530026,291
1514,2024-09-27 12:36:36.411778+00,Valentin Nocturne,6189,d5f6,0.7980526,256
1515,2024-09-27 12:36:46.064508+00,Ambrose Sardonique,6189,c5d6,0.9956397,320
1516,2024-09-27 12:36:47.920672+00,Valentin Nocturne,6189,d5e7,0.81429356,262
1517,2024-09-27 12:36:50.252441+00,Nathaniel Acharné,6189,c5c4,0.90530026,228
1518,2024-09-27 12:37:08.013502+00,Valentin Nocturne,6189,c5e7,0.9293297,299
1519,2024-09-27 12:37:42.428126+00,Amara Calculatrice,6189,c5e7,0.9293297,234
1520,2024-09-27 12:37:55.67503+00,Persephone Inquiétante,6189,d5f6,0.7980526,256
1521,2024-09-27 12:38:02.368882+00,Elowen Intraitable,6189,d5e3,0.8445415,271
1522,2024-09-27 12:38:15.168231+00,Valentin Nocturne,6189,d5e3,0.8445415,213
1523,2024-09-27 12:38:17.480099+00,Elowen Intraitable,6189,c5c6,0.9120343,293
1524,2024-09-27 12:38:26.115476+00,Elowen Intraitable,6189,c5e7,0.9293297,234
1525,2024-09-27 12:38:35.947769+00,Persephone Inquiétante,6189,f8f5,0.9895884,318
1526,2024-09-27 12:38:51.810887+00,Persephone Inquiétante,6189,c5c4,0.90530026,228
1527,2024-09-27 12:39:14.20118+00,Valentin Nocturne,6189,c5e7,0.9293297,197
1528,2024-09-27 12:40:07.264186+00,Calypso Nébuleuse,6189,c5c4,0.90530026,191
1529,2024-09-27 12:40:23.960131+00,Ysabeau Toxique,6189,d5e3,0.8445415,271
1530,2024-09-27 12:43:20.35163+00,Valencia Anxieuse,6190,g5d5,1,325
1531,2024-09-27 12:43:40.891649+00,Lucius Orphelin,6190,g5g4,0.911281,296
1532,2024-09-27 12:44:08.474922+00,Ludovic Instable,6190,b1a3,0.8014832,261
1533,2024-09-27 12:44:11.820044+00,Montague Dévoué,6190,e3f4,0.96311265,313
1534,2024-09-27 12:46:07.635863+00,Delphinia Anxieuse,6190,g5d5,1,256
1535,2024-09-27 12:47:35.838178+00,Calypso Anxieuse,6190,g5d5,1,215
1536,2024-09-27 12:48:55.53074+00,Valerian Prédateur,6190,g5e7,0.8800966,286
1537,2024-09-27 12:49:13.514868+00,Valerian Prédateur,6190,g5g4,0.911281,233
1538,2024-09-27 12:49:31.49312+00,Valerian Prédateur,6190,g5d5,1,187
1539,2024-09-27 12:51:22.999056+00,Elowen Intraitable,6191,e7d6,0.97030306,316
1540,2024-09-27 12:51:30.140295+00,Valentin Nocturne,6191,e7d6,0.97030306,248
1541,2024-09-27 12:51:56.907629+00,Valentin Nocturne,6191,e7f6,0.97689974,318
1542,2024-09-27 12:52:21.236123+00,Nathaniel Acharné,6191,b7b6,0.8972874,292
1543,2024-09-27 12:52:45.187928+00,Valentin Nocturne,6191,g4e6,1,325
1544,2024-09-27 12:55:37.182107+00,Amara Calculatrice,6191,e7f6,0.97689974,318
1545,2024-09-27 12:55:55.652659+00,Valentin Nocturne,6191,g4f3,0.95429736,310
1546,2024-09-27 12:56:10.895041+00,Valentin Nocturne,6191,g4e6,1,325
1547,2024-09-27 12:58:50.692074+00,Valerian Prédateur,6192,d5c4,0.7523686,245
1548,2024-09-27 12:58:54.438733+00,Lucius Orphelin,6192,d5c5,0.83717835,272
1549,2024-09-27 12:59:16.881009+00,Montague Dévoué,6192,d5a5,0.9965801,324
1550,2024-09-27 12:59:20.39554+00,Ludovic Instable,6192,d5e5,0.94415635,307
1551,2024-09-27 13:00:11.308438+00,Endora Orpheline,6192,d5e6,0.7574651,246
1552,2024-09-27 13:00:23.739461+00,Endora Orpheline,6192,d5e5,0.94415635,242
1553,2024-09-27 13:02:13.477341+00,Delphinia Anxieuse,6192,d5b5,0.9338379,304
1554,2024-09-27 13:02:18.073767+00,Lucius Orphelin,6192,d5c5,0.83717835,272
1555,2024-09-27 13:02:19.261354+00,Lucius Orphelin,6192,d5c5,0.83717835,272
1556,2024-09-27 13:02:27.416896+00,Delphinia Anxieuse,6192,d5d3,0.9236806,300
1557,2024-09-27 13:02:28.451303+00,Delphinia Anxieuse,6192,d5b5,0.9338379,304
1558,2024-09-27 13:04:39.447791+00,Delphinia Anxieuse,6192,d5c5,0.83717835,214
1559,2024-09-27 13:04:43.312159+00,Delphinia Anxieuse,6192,d5c5,0.83717835,214
1560,2024-09-27 13:04:48.896633+00,Delphinia Anxieuse,6192,d5b5,0.9338379,304
1561,2024-09-27 13:04:53.012448+00,Delphinia Anxieuse,6192,d5a5,0.9965801,255
1562,2024-09-27 13:05:02.181424+00,Valencia Anxieuse,6192,d5e5,0.94415635,203
1563,2024-09-27 13:06:10.746412+00,Elowen Intraitable,6193,e7d6,0.96208245,313
1564,2024-09-27 13:06:11.104891+00,Valentin Nocturne,6193,c7d7,0.9408531,306
1565,2024-09-27 13:06:16.619394+00,Ambrose Sardonique,6193,c7d7,0.9408531,241
1566,2024-09-27 13:06:59.519021+00,Nathaniel Acharné,6193,e7d6,0.96208245,246
1567,2024-09-27 13:10:45.535767+00,Amara Calculatrice,6193,c7d8,0.90598124,295
1568,2024-09-27 13:13:35.718311+00,Endora Orpheline,6194,e3a7,0.9908871,322
1569,2024-09-27 13:13:46.870256+00,Valencia Anxieuse,6194,e1d1,0.95066255,309
1570,2024-09-27 13:13:47.813209+00,Montague Dévoué,6194,e5d4,0.9125666,297
1571,2024-09-27 13:13:54.114539+00,Ludovic Instable,6194,e3c5,1,325
1572,2024-09-27 13:14:21.671606+00,Valerian Prédateur,6194,e1c1,0.86931384,283
1573,2024-09-27 13:14:21.687984+00,Delphinia Anxieuse,6194,e1d1,0.95066255,243
1574,2024-09-27 13:14:23.248864+00,Valerian Prédateur,6194,e1d1,0.95066255,205
1575,2024-09-27 13:15:38.149158+00,Lucius Orphelin,6194,b1a3,1,325
1576,2024-09-27 13:15:45.857853+00,Delphinia Anxieuse,6194,e3g5,0.970947,316
1577,2024-09-27 13:16:09.10783+00,Delphinia Anxieuse,6194,e1d1,0.95066255,205
1578,2024-09-27 13:16:47.864327+00,Lucius Orphelin,6194,e1d1,0.95066255,177
1579,2024-09-27 13:20:53.645342+00,Nathaniel Acharné,6195,d7e8,0.99686104,324
1580,2024-09-27 13:20:54.86597+00,Elowen Intraitable,6195,d7e8,0.99686104,255
1581,2024-09-27 13:20:58.471983+00,Valentin Nocturne,6195,d7e8,0.99686104,215
1582,2024-09-27 13:22:04.132146+00,Ysabeau Toxique,6195,d7e8,0.99686104,186
1583,2024-09-27 13:22:23.5423+00,Ambrose Sardonique,6195,d7e8,0.99686104,164
1584,2024-09-27 13:22:26.306959+00,Ambrose Sardonique,6195,d7c8,0.85638535,279
1585,2024-09-27 13:22:36.106295+00,Pandora Monstrueuse,6195,d7e8,0.99686104,164
1586,2024-09-27 13:28:20.276641+00,Endora Orpheline,6196,e3c5,1,329
1587,2024-09-27 13:28:26.160724+00,Valencia Anxieuse,6196,e5b5,0.9132682,300
1588,2024-09-27 13:29:06.520293+00,Ludovic Instable,6196,b1a3,0.9764614,321
1589,2024-09-27 13:29:07.696603+00,Lucius Orphelin,6196,e3g5,1,329
1590,2024-09-27 13:29:36.479874+00,Montague Dévoué,6196,e5b5,0.9132682,237
1591,2024-09-27 13:34:43.31181+00,Delphinia Anxieuse,6196,e5b5,0.9132682,200
1592,2024-09-27 13:35:22.39501+00,Ludovic Instable,6196,e3c5,1,260
1593,2024-09-27 13:35:33.623951+00,Ludovic Instable,6196,b1a3,0.9764614,321
1594,2024-09-27 13:36:01.218453+00,Ambrose Sardonique,6197,e8f7,1,329
1595,2024-09-27 13:36:24.866951+00,Valentin Nocturne,6197,e8f7,1,260
1596,2024-09-27 13:36:31.643429+00,Elowen Intraitable,6197,e7d7,0.81909037,269
1597,2024-09-27 13:36:40.4784+00,Elowen Intraitable,6197,e8f7,1,219
1598,2024-09-27 13:36:58.622512+00,Nathaniel Acharné,6197,e8f7,1,190
1599,2024-09-27 13:37:16.672601+00,Amara Calculatrice,6197,e6d7,0.91942257,303
1600,2024-09-27 13:38:55.416277+00,Ysabeau Toxique,6197,e6d7,0.91942257,239
1601,2024-09-27 13:43:35.128221+00,Valerian Prédateur,6198,b5h5,0.94433033,311
1602,2024-09-27 13:43:56.325172+00,Lucius Orphelin,6198,e3c5,1,329
1603,2024-09-27 13:44:02.501221+00,Isadora Rancunière,6198,b1d2,1,329
1604,2024-09-27 13:44:06.298689+00,Valencia Anxieuse,6198,e3c5,1,260
1605,2024-09-27 13:44:09.656166+00,Montague Dévoué,6198,e3g5,0.96343553,317
1606,2024-09-27 13:44:16.285729+00,Delphinia Anxieuse,6198,e3c5,1,219
1607,2024-09-27 13:44:23.170535+00,Ludovic Instable,6198,b5b4,0.9169312,302
1608,2024-09-27 13:45:29.45433+00,Delphinia Anxieuse,6198,b1d2,1,260
1609,2024-09-27 13:45:47.442132+00,Delphinia Anxieuse,6198,e3c5,1,219
1610,2024-09-27 13:45:47.631871+00,Endora Orpheline,6198,e3c5,1,190
1611,2024-09-27 13:51:02.826821+00,Ysabeau Toxique,6199,a7a5,0.885453,291
1612,2024-09-27 13:51:15.673107+00,Elowen Intraitable,6199,a7a6,0.9128481,300
1613,2024-09-27 13:51:59.613569+00,Valentin Nocturne,6199,e7f6,0.89179164,293
1614,2024-09-27 13:52:03.418313+00,Nathaniel Acharné,6199,a7a6,0.9128481,237
1615,2024-09-27 13:52:23.531087+00,Valentin Nocturne,6199,e6d7,0.8706542,286
1616,2024-09-27 13:52:30.322485+00,Ysabeau Toxique,6199,f8c8,0.89707154,295
1617,2024-09-27 13:55:23.83314+00,Nathaniel Acharné,6199,e7c7,0.9492806,312
1618,2024-09-27 13:56:32.254173+00,Valentin Nocturne,6199,a7a6,0.9128481,237
1619,2024-09-27 13:57:24.829302+00,Valentin Nocturne,6199,e6d7,0.8706542,286
1620,2024-09-27 13:57:35.02196+00,Valentin Nocturne,6199,e7f6,0.89179164,293
1621,2024-09-27 13:58:06.733423+00,Calypso Nébuleuse,6199,a7a6,0.9128481,237
1622,2024-09-27 13:59:07.461619+00,Endora Orpheline,6200,c5e7,1,329
1623,2024-09-27 13:59:32.327998+00,Ludovic Instable,6200,c5e7,1,260
1624,2024-09-27 13:59:40.088881+00,Valencia Anxieuse,6200,b5c4,0.81771994,269
1625,2024-09-27 13:59:42.954948+00,Montague Dévoué,6200,c5e7,1,219
1626,2024-09-27 13:59:57.198658+00,Delphinia Anxieuse,6200,c5e7,1,190
1627,2024-09-27 14:00:16.699031+00,Lucius Orphelin,6200,c5e7,1,168
1628,2024-09-27 14:05:45.701616+00,Elowen Intraitable,6201,a6b5,1,329
1629,2024-09-27 14:06:01.397942+00,Valentin Nocturne,6201,a6b5,1,260
1630,2024-09-27 14:06:23.893125+00,Nathaniel Acharné,6201,a6b5,1,219
1631,2024-09-27 14:06:43.608433+00,Ysabeau Toxique,6201,f7e7,0.9628318,317
1632,2024-09-27 14:12:28.989161+00,Undine Combative,6201,f7e7,0.9628318,250
1633,2024-09-27 14:13:19.311099+00,Valencia Anxieuse,6202,e7f8,1,329
1634,2024-09-27 14:13:24.819653+00,Ludovic Instable,6202,e7f8,1,260
1635,2024-09-27 14:14:26.628907+00,Delphinia Anxieuse,6202,e7f8,1,219
1636,2024-09-27 14:14:31.535445+00,Lucius Orphelin,6202,e7f8,1,190
1637,2024-09-27 14:20:54.215571+00,Undine Combative,6203,f7f8,0.9917323,326
1638,2024-09-27 14:21:00.060548+00,Ambrose Sardonique,6203,f7f8,0.9917323,258
1639,2024-09-27 14:21:13.787388+00,Elowen Intraitable,6203,f7f8,0.9917323,217
1640,2024-09-27 14:22:19.98356+00,Nathaniel Acharné,6203,f7f8,0.9917323,189
1641,2024-09-27 14:23:34.329176+00,Ysabeau Toxique,6203,f7f8,0.9917323,167
1642,2024-09-27 14:26:13.778733+00,Persephone Inquiétante,6203,f7f8,0.9917323,149
1643,2024-09-27 14:28:27.732879+00,Valencia Anxieuse,6204,d1d8,0.971916,320
1644,2024-09-27 14:28:42.293275+00,Ludovic Instable,6204,b1d2,0.971916,320
1645,2024-09-27 14:28:59.893064+00,Lucius Orphelin,6204,d1e1,0.9855891,324
1646,2024-09-27 14:29:59.546379+00,Endora Orpheline,6204,b1a3,1,329
1647,2024-09-27 14:36:03.502893+00,Valentin Nocturne,6205,"",0,0
1648,2024-09-27 14:36:05.553877+00,Elowen Intraitable,6205,e6g4,1,329
1649,2024-09-27 14:38:52.469008+00,Nathaniel Acharné,6205,h7h5,1,329
1650,2024-09-27 14:43:23.106656+00,Ludovic Instable,6206,d1e1,1,329
1651,2024-09-27 14:51:15.91776+00,Ysabeau Toxique,6207,g4h5,1,329
1652,2024-09-27 14:53:32.11123+00,Nathaniel Acharné,6207,h7h5,0.9855041,324
1653,2024-09-27 14:58:08.805542+00,Nathaniel Acharné,6207,"",0,0
1654,2024-09-27 14:58:10.923991+00,Nathaniel Acharné,6207,h7h5,0.9855041,324
1655,2024-09-27 14:58:29.016177+00,Ludovic Instable,6208,e1e5,1,329
1656,2024-09-27 15:08:36.704688+00,Valentin Nocturne,6209,"",0,0
1657,2024-09-27 15:08:54.402527+00,Amara Calculatrice,6209,"",0,0
1658,2024-09-27 15:10:03.764583+00,Ysabeau Toxique,6209,b7b6,0.9512237,313
1659,2024-09-27 15:25:58.01546+00,Ysabeau Toxique,6211,c7c5,0.9459265,311
1660,2024-09-27 15:35:53.482514+00,Ysabeau Toxique,6213,d8a5,0.7367238,242
1661,2024-09-27 18:19:11.286936+00,Morgana Inquiétante,6234,g1f3,0.87287325,290
1662,2024-09-27 18:28:44.423761+00,Morgana Inquiétante,6236,f3g5,0.77836806,259
1663,2024-09-27 19:01:25.280522+00,Ignatius Perdu,6240,d1c2,1,333
1664,2024-09-27 19:37:08.697441+00,Zorina Nébuleuse,6245,c5e6,0.97975457,322
1665,2024-09-27 22:22:00.382621+00,Zorina Nébuleuse,6267,d4b3,0.78955746,263
1666,2024-09-28 06:40:14.159693+00,Undine Combative,6333,b6c6,0.040403944,13
1667,2024-09-28 06:40:20.283428+00,Undine Combative,6333,b6c5,0.04270076,14
1668,2024-09-28 09:17:50.946659+00,Ignatius Perdu,6354,b2c2,0.9385278,319
1669,2024-09-28 19:18:49.161674+00,Lucius Orphelin,6434,c4b3,1,340
1670,2024-09-28 21:50:42.077794+00,Ignatius Perdu,6454,b2c3,1,340
1671,2024-09-28 21:50:45.010419+00,Ignatius Perdu,6454,"",0,0
1672,2024-09-29 07:25:20.716342+00,Ignatius Perdu,6531,e3g3,0.77970016,267
1673,2024-09-30 05:58:27.889626+00,Ignatius Perdu,6711,g3g2,1,343
1674,2024-09-30 07:22:18.306985+00,Quintessa Putréfiée,6723,c6c4,0.87578803,303
