id,instant,move,turn_id,player_pseudo,accuracy,points
2905,2024-10-18T07:48:56.147Z,d2d4,10502,Jabez Charismatique,0.9895842,137
2907,2024-10-18T07:50:29.097Z,g2g3,10502,Belladonna Sardonique,0.9538093,153
2908,2024-10-18T07:51:40.532Z,e2e4,10502,Bram Lugubre,0.9655965,173
2910,2024-10-18T07:53:33.679Z,d2d4,10502,Thalia Spectrale,0.9895842,123
2912,2024-10-18T07:54:50.299Z,e2e4,10502,Malachi Toxique,0.9655965,106
2919,2024-10-18T07:55:32.817Z,b2b4,10502,Aradia Lugubre,0.75790834,174
2920,2024-10-18T07:55:36.204Z,d2d4,10502,Berenice Ténébreuse,0.9895842,119
2923,2024-10-18T07:55:53.097Z,e2e3,10502,Rowena Brillante,0.9499107,227
2924,2024-10-18T07:55:59.578Z,e2e4,10502,Cyprian Intraitable,0.9655965,125
2925,2024-10-18T07:56:02.281Z,d7d5,10503,Cyprian Halluciné,1,230
2927,2024-10-18T07:56:28.078Z,b8c6,10503,Damien Maléfique,0.85823584,197
2929,2024-10-18T07:56:42.939Z,d7d5,10503,Archibald Anxieux,1,170
2930,2024-10-18T07:56:55.091Z,d7d5,10503,Persephone Prédatrice,1,138
2932,2024-10-18T07:59:05.968Z,g8f6,10503,Isolde Insidieuse,0.9617159,246
2936,2024-10-18T08:01:26.901Z,b7b6,10503,Reginald Dérangé,0.8176165,215
2937,2024-10-18T08:02:00.527Z,d7d5,10503,Magnus Secret,1,125
2939,2024-10-18T08:02:29.814Z,d7d5,10503,Lazarus Sardonique,1,102
2940,2024-10-18T08:02:30.533Z,d7d5,10503,Valerian Instable,1,84
2941,2024-10-18T08:02:45.531Z,d7d5,10503,Fabian Monstrueux,1,76
2942,2024-10-18T08:03:04.765Z,b8c6,10503,Ludovic Erratique,0.85823584,172
2943,2024-10-18T08:03:49.327Z,c1f4,10504,Jabez Charismatique,0.919215,248
2945,2024-10-18T08:03:57.250Z,b1c3,10504,Cyprian Intraitable,0.8822487,238
2947,2024-10-18T08:04:26.385Z,b1c3,10504,Ophelia Machiavélique,0.8822487,183
2949,2024-10-18T08:04:50.169Z,c2c4,10504,Bram Lugubre,1,277
2950,2024-10-18T08:04:51.857Z,b1c3,10504,Zephyra Impitoyable,0.8822487,147
2951,2024-10-18T08:05:10.479Z,b1c3,10504,Thalia Morbide,0.8822487,122
2954,2024-10-18T08:05:32.788Z,b2b4,10504,Jasper Protecteur,0.7041876,199
2955,2024-10-18T08:05:38.745Z,b1c3,10504,Thaddeus Malfaisant,0.8822487,107
2956,2024-10-18T08:05:45.602Z,a2a3,10504,Aradia Lugubre,0.9079688,257
2957,2024-10-18T08:07:01.293Z,b1c3,10504,Malachi Toxique,0.8822487,91
2958,2024-10-18T08:07:09.023Z,c2c4,10504,Thalia Spectrale,1,214
2959,2024-10-18T08:08:10.042Z,c1g5,10504,Belladonna Sardonique,0.8643186,244
2960,2024-10-18T08:08:29.393Z,c2c4,10504,Berenice Ténébreuse,1,173
2961,2024-10-18T08:09:04.781Z,e2e3,10504,Ravenna Protectrice,0.9695245,280
2962,2024-10-18T08:11:02.261Z,g8f6,10505,Cyprian Halluciné,1,294
2963,2024-10-18T08:11:04.398Z,g8f6,10505,Percival Terrifiant,1,225
2964,2024-10-18T08:11:14.279Z,e7e6,10505,Lazarus Sardonique,0.8786413,258
2965,2024-10-18T08:11:16.304Z,g8f6,10505,Magnus Secret,1,184
2967,2024-10-18T08:11:34.169Z,g8f6,10505,Fabian Monstrueux,1,155
2968,2024-10-18T08:11:44.534Z,c7c6,10505,Evander Instable,0.8296997,244
2969,2024-10-18T08:12:27.430Z,e7e6,10505,Endora Sombre,0.8786413,202
2970,2024-10-18T08:12:27.928Z,b8a6,10505,Ludovic Erratique,0.75233,225
2972,2024-10-18T08:13:12.715Z,c7c6,10505,Isolde Insidieuse,0.8296997,191
2973,2024-10-18T08:14:13.367Z,b7b6,10505,Calypso Fourbe,0.80959934,246
2975,2024-10-18T08:15:12.760Z,e7e6,10505,Hyacinth Putréfiée,0.8786413,170
2977,2024-10-18T08:18:25.678Z,c7c5,10505,Ianthe Anormale,0.9537026,290
2978,2024-10-18T08:18:39.509Z,c1f4,10506,Thalia Spectrale,1,309
2980,2024-10-18T08:19:01.013Z,g1f3,10506,Jabez Charismatique,0.95374435,294
2983,2024-10-18T08:19:28.662Z,e2e3,10506,Cyprian Intraitable,0.91177785,281
2985,2024-10-18T08:19:32.191Z,c1g5,10506,Belladonna Sardonique,1,309
2987,2024-10-18T08:20:33.395Z,g1f3,10506,Ravenna Protectrice,0.95374435,190
2988,2024-10-18T08:20:51.990Z,c1f4,10506,Zephyra Impitoyable,1,239
2990,2024-10-18T08:21:01.368Z,g1f3,10506,Valencia Secrète,0.95374435,190
2991,2024-10-18T08:22:22.012Z,g1f3,10506,Bram Lugubre,0.95374435,162
2992,2024-10-18T08:25:55.136Z,g1f3,10506,Malachi Toxique,0.95374435,141
2993,2024-10-18T08:26:03.322Z,c8f5,10507,Magnus Secret,0.93056774,287
2994,2024-10-18T08:26:08.445Z,c7c5,10507,Cyprian Halluciné,0.97348285,300
2995,2024-10-18T08:26:32.213Z,c8f5,10507,Percival Terrifiant,0.93056774,223
2997,2024-10-18T08:27:43.423Z,c8f5,10507,Ludovic Erratique,0.93056774,185
2998,2024-10-18T08:28:17.779Z,c8g4,10507,Isolde Insidieuse,0.7611288,238
3000,2024-10-18T08:28:47.354Z,e7e6,10507,Lazarus Sardonique,0.98148733,307
3001,2024-10-18T08:30:10.779Z,b8c6,10507,Thaddeus Charismatique,0.85022396,207
3002,2024-10-18T08:30:56.024Z,c8f5,10507,Lysithea Inquiétante,0.93056774,166
3004,2024-10-18T08:31:26.206Z,b8c6,10507,Ianthe Anormale,0.85022396,211
3005,2024-10-18T08:33:40.197Z,c1f4,10508,Malachi Toxique,1,321
3006,2024-10-18T08:33:44.811Z,c1f4,10508,Jabez Charismatique,1,252
3007,2024-10-18T08:33:55.485Z,c1f4,10508,Thalia Spectrale,1,212
3009,2024-10-18T08:34:06.605Z,e2e3,10508,Zephyra Impitoyable,0.8715933,280
3010,2024-10-18T08:35:02.390Z,c1g5,10508,Bram Lugubre,0.94593716,304
3014,2024-10-18T08:36:20.135Z,e2e3,10508,Ravenna Protectrice,0.8715933,226
3015,2024-10-18T08:36:24.693Z,c1f4,10508,Belladonna Sardonique,1,190
3016,2024-10-18T08:36:25.686Z,e2e3,10508,Valencia Secrète,0.8715933,191
3019,2024-10-18T08:37:32.975Z,e2e4,10508,Lenore Démente,0.70289177,234
3020,2024-10-18T08:40:21.193Z,f3e5,10508,Cyprian Intraitable,0.9154513,305
3021,2024-10-18T08:41:13.341Z,e7e6,10509,Magnus Secret,0.965509,321
3022,2024-10-18T08:41:17.016Z,e7e6,10509,Cyprian Halluciné,0.965509,254
3023,2024-10-18T08:41:17.580Z,e7e6,10509,Isolde Insidieuse,0.965509,215
3024,2024-10-18T08:41:18.804Z,b8c6,10509,Xanthe Féroce,0.92676497,308
3025,2024-10-18T08:41:19.906Z,f6h5,10509,Valerian Instable,0.93438625,311
3026,2024-10-18T08:41:21.270Z,b8c6,10509,Percival Terrifiant,0.92676497,244
3027,2024-10-18T08:41:49.182Z,b8c6,10509,Ianthe Anormale,0.92676497,207
3030,2024-10-18T08:43:02.266Z,e7e6,10509,Morgause Brillante,0.965509,187
3031,2024-10-18T08:43:24.304Z,h7h6,10509,Thaddeus Charismatique,0.99359065,331
3032,2024-10-18T08:43:50.567Z,b8c6,10509,Ludovic Erratique,0.92676497,180
3034,2024-10-18T08:44:07.070Z,e7e6,10509,Lysithea Inquiétante,0.965509,166
3035,2024-10-18T08:45:39.647Z,b8c6,10509,Lazarus Sardonique,0.92676497,162
3036,2024-10-18T08:45:47.072Z,f6e4,10509,Thalassa Démoniaque,0.8231734,277
3037,2024-10-18T08:48:59.088Z,e2e3,10510,Bram Lugubre,0.9734872,327
3038,2024-10-18T08:49:00.458Z,c3b5,10510,Zephyra Impitoyable,0.90052396,303
3039,2024-10-18T08:49:11.081Z,e2e3,10510,Jabez Charismatique,0.9734872,260
3040,2024-10-18T08:49:32.302Z,e2e3,10510,Malachi Toxique,0.9734872,220
3041,2024-10-18T08:49:42.334Z,f4c7,10510,Belladonna Sardonique,0.16870314,56
3042,2024-10-18T08:49:46.380Z,e2e3,10510,Thalia Spectrale,0.9734872,192
3043,2024-10-18T08:50:58.646Z,e2e3,10510,Lenore Démente,0.9734872,174
3046,2024-10-18T08:51:52.923Z,f4h6,10510,Melusine Prémonitoire,0.19348936,65
3047,2024-10-18T08:55:04.640Z,d1d2,10510,Valencia Secrète,0.8643035,293
3048,2024-10-18T08:55:22.006Z,f3e5,10510,Cyprian Intraitable,0.90794617,308
3049,2024-10-18T08:56:03.591Z,e7e6,10511,Cyprian Halluciné,1,340
3050,2024-10-18T08:56:22.703Z,e7e6,10511,Magnus Secret,1,270
3051,2024-10-18T08:56:28.532Z,e7e6,10511,Thaddeus Charismatique,1,230
3052,2024-10-18T08:56:32.486Z,f6h5,10511,Valerian Instable,0.93067926,316
3053,2024-10-18T08:56:36.978Z,e7e6,10511,Isolde Insidieuse,1,201
3055,2024-10-18T08:56:40.772Z,e7e6,10511,Percival Terrifiant,1,160
3057,2024-10-18T08:56:49.965Z,a7a6,10511,Ludovic Erratique,0.96555674,328
3058,2024-10-18T08:56:52.624Z,a7a6,10511,Xanthe Féroce,0.96555674,261
3059,2024-10-18T08:57:06.062Z,e7e6,10511,Lazarus Sardonique,1,160
3062,2024-10-18T08:57:30.494Z,f6h5,10511,Morgause Brillante,0.93067926,252
3064,2024-10-18T08:58:05.739Z,e7e6,10511,Ianthe Anormale,1,145
3065,2024-10-18T09:00:01.835Z,e7e6,10511,Fabian Monstrueux,1,135
3067,2024-10-18T09:00:20.327Z,a7a6,10511,Lysithea Inquiétante,0.96555674,225
3068,2024-10-18T09:00:24.986Z,f6h5,10511,Quirinus Cryptique,0.93067926,217
3069,2024-10-18T09:00:55.674Z,f6h5,10511,Persephone Prédatrice,0.93067926,190
3070,2024-10-18T09:03:41.324Z,f1b5,10512,Thalia Spectrale,1,349
3071,2024-10-18T09:03:45.156Z,f1b5,10512,Jabez Charismatique,1,280
3072,2024-10-18T09:04:11.328Z,g2g4,10512,Thalassa Malfaisante,0.52064353,182
3074,2024-10-18T09:05:36.131Z,f1b5,10512,Lenore Démente,1,239
3075,2024-10-18T09:05:45.483Z,f3h4,10512,Belladonna Sardonique,0.8822123,311
3078,2024-10-18T09:06:25.400Z,f3e5,10512,Hadrian Torturé,0.8678531,306
3079,2024-10-18T09:06:50.343Z,f1b5,10512,Cyprian Intraitable,1,214
3080,2024-10-18T09:07:57.947Z,f1d3,10512,Bram Lugubre,1,355
3081,2024-10-18T09:08:04.007Z,f1d3,10512,Valencia Secrète,1,286
3082,2024-10-18T09:08:18.712Z,f1e2,10512,Isabeau Inflexible,0.92293745,328
3083,2024-10-18T09:09:36.948Z,c3b5,10512,Zephyra Impitoyable,0.89681,318
3084,2024-10-18T09:11:02.008Z,f6d7,10513,Cyprian Halluciné,1,352
3085,2024-10-18T09:11:07.858Z,f8e7,10513,Magnus Secret,0.7817984,275
3087,2024-10-18T09:12:13.774Z,f6h5,10513,Morgause Brillante,0.53952634,190
3089,2024-10-18T09:14:30.295Z,f8d6,10513,Isolde Insidieuse,0.93838924,330
3091,2024-10-18T09:15:23.288Z,d8d7,10513,Ianthe Anormale,0.3702816,105
3092,2024-10-18T09:16:00.697Z,a7a6,10513,Lysithea Inquiétante,0.8791668,315
3097,2024-10-18T09:16:32.502Z,d8d7,10513,Lazarus Sardonique,0.3702816,107
3098,2024-10-18T09:17:22.103Z,f8d6,10513,Fabian Monstrueux,0.93838924,271
3101,2024-10-18T09:18:04.540Z,f8b4,10513,Uriah Inflexible,0.9345679,334
3102,2024-10-18T09:18:18.202Z,f8b4,10513,Xanthe Féroce,0.9345679,270
3103,2024-10-18T09:18:25.456Z,a7a6,10513,Clarimond Maléfique,0.8791668,254
3104,2024-10-18T09:18:39.685Z,b5c6,10514,Thalia Spectrale,0.9737421,351
3105,2024-10-18T09:18:46.956Z,b5a4,10514,Cyprian Intraitable,0.7867948,286
3106,2024-10-18T09:18:50.619Z,b5c6,10514,Isabeau Inflexible,0.9737421,286
3107,2024-10-18T09:19:06.464Z,b5c6,10514,Jabez Charismatique,0.9737421,247
3109,2024-10-18T09:19:14.322Z,a2a4,10514,Basil Implacable,0.24328057,88
3110,2024-10-18T09:19:18.945Z,a2a4,10514,Lenore Démente,0.24328057,71
3111,2024-10-18T09:19:50.789Z,f4g5,10514,Zephyra Impitoyable,0.1504066,55
3112,2024-10-18T09:19:58.216Z,a2a4,10514,Rosamund Égoïste,0.24328057,62
3113,2024-10-18T09:20:16.288Z,h2h3,10514,Gaius Sardonique,0.16523652,60
3114,2024-10-18T09:20:42.314Z,b5d3,10514,Bram Lugubre,0.80979884,296
3116,2024-10-18T09:24:25.507Z,b5c6,10514,Serafina Machiavélique,0.9737421,224
3117,2024-10-18T09:26:01.948Z,b7c6,10515,Cyprian Halluciné,1,366
3118,2024-10-18T09:26:07.069Z,b7c6,10515,Lysithea Inquiétante,1,297
3119,2024-10-18T09:26:09.007Z,b7c6,10515,Hyacinth Putréfiée,1,256
3120,2024-10-18T09:26:14.495Z,b7c6,10515,Magnus Secret,1,227
3121,2024-10-18T09:26:15.811Z,f6d7,10515,Lazarus Sardonique,0.21486878,78
3124,2024-10-18T09:26:23.078Z,b7c6,10515,Fabian Monstrueux,1,187
3125,2024-10-18T09:26:36.207Z,b7c6,10515,Tempest Vulnérable,1,171
3126,2024-10-18T09:27:22.775Z,b7c6,10515,Uriah Inflexible,1,158
3127,2024-10-18T09:31:24.492Z,b7c6,10515,Xanthe Féroce,1,146
3128,2024-10-18T09:33:28.071Z,b7c6,10515,Ianthe Anormale,1,146
3129,2024-10-18T09:33:32.114Z,f3e5,10516,Jabez Charismatique,1,368
3130,2024-10-18T09:33:40.725Z,f3e5,10516,Serafina Machiavélique,1,299
3131,2024-10-18T09:33:44.880Z,f3e5,10516,Thalia Spectrale,1,259
3132,2024-10-18T09:33:51.645Z,f3e5,10516,Isabeau Inflexible,1,230
3133,2024-10-18T09:34:10.693Z,f3e5,10516,Cyprian Intraitable,1,207
3137,2024-10-18T09:38:41.449Z,b2b4,10516,Belladonna Sardonique,0.21140486,78
3138,2024-10-18T09:39:00.306Z,,10516,Caspian Brumeux,0,0
3139,2024-10-18T09:40:52.662Z,f3e5,10516,Zephyra Impitoyable,1,192
3140,2024-10-18T09:40:59.540Z,f3e5,10516,Bram Lugubre,1,176
3141,2024-10-18T09:41:09.726Z,c6c5,10517,Cyprian Halluciné,0.8494472,313
3142,2024-10-18T09:41:22.879Z,f8d6,10517,Clarimond Maléfique,0.90564,334
3143,2024-10-18T09:41:26.410Z,c6c5,10517,Magnus Secret,0.8494472,254
3144,2024-10-18T09:41:42.110Z,f8b4,10517,Uriah Inflexible,0.9277705,342
3145,2024-10-18T09:41:44.035Z,f8d6,10517,Lazarus Sardonique,0.90564,271
3146,2024-10-18T09:42:45.919Z,f8d6,10517,Lysithea Inquiétante,0.90564,234
3151,2024-10-18T09:43:23.131Z,f8d6,10517,Reginald Dérangé,0.90564,188
3155,2024-10-18T09:43:56.674Z,c6c5,10517,Isolde Insidieuse,0.8494472,220
3157,2024-10-18T09:45:52.223Z,f6h5,10517,Tempest Vulnérable,0.22195941,81
3159,2024-10-18T09:47:38.836Z,d8e7,10517,Ianthe Anormale,0.6252353,230
3160,2024-10-18T09:48:42.850Z,e5c6,10518,Bram Lugubre,0.90196353,334
3161,2024-10-18T09:48:45.675Z,g2g4,10518,Thalia Spectrale,0.8837807,328
3162,2024-10-18T09:49:14.333Z,d1h5,10518,Zephyra Impitoyable,0.102810994,38
3163,2024-10-18T09:49:18.690Z,e1g1,10518,Jabez Charismatique,0.8659284,323
3164,2024-10-18T09:49:25.755Z,e5c6,10518,Isabeau Inflexible,0.90196353,274
3165,2024-10-18T09:49:54.288Z,b2b4,10518,Belladonna Sardonique,0.24577871,91
3166,2024-10-18T09:50:59.728Z,e5c6,10518,Lenore Démente,0.90196353,238
3167,2024-10-18T09:56:02.574Z,d8d7,10519,Cyprian Halluciné,0.80023384,299
3168,2024-10-18T09:56:24.886Z,d8d7,10519,Magnus Secret,0.80023384,243
3169,2024-10-18T09:56:29.608Z,d8d7,10519,Hyacinth Putréfiée,0.80023384,211
3171,2024-10-18T09:56:49.892Z,d8d7,10519,Ianthe Anormale,0.80023384,188
3172,2024-10-18T09:57:46.066Z,f5g4,10519,Clarimond Maléfique,0.30372158,113
3173,2024-10-18T09:58:18.255Z,d8d7,10519,Tempest Vulnérable,0.80023384,170
3174,2024-10-18T09:58:41.603Z,d8d7,10519,Uriah Inflexible,0.80023384,155
3175,2024-10-18T09:59:25.752Z,d8d7,10519,Lysithea Inquiétante,0.80023384,143
3176,2024-10-18T10:01:46.806Z,d8d7,10519,Lazarus Sardonique,0.80023384,132
3177,2024-10-18T10:03:32.231Z,c6e5,10520,Jabez Charismatique,0.9517961,355
3178,2024-10-18T10:03:34.049Z,c6e5,10520,Bram Lugubre,0.9517961,289
3179,2024-10-18T10:03:35.237Z,c6e5,10520,Isabeau Inflexible,0.9517961,251
3180,2024-10-18T10:03:39.937Z,c6e5,10520,Thalia Spectrale,0.9517961,223
3181,2024-10-18T10:04:03.839Z,c6e5,10520,Cyprian Intraitable,0.9517961,202
3182,2024-10-18T10:04:05.580Z,d1h5,10520,Zephyra Impitoyable,0.088132456,32
3183,2024-10-18T10:04:17.271Z,c6b4,10520,Belladonna Sardonique,0.1194967,44
3184,2024-10-18T10:04:26.037Z,c6e5,10520,Thaddeus Malfaisant,0.9517961,187
3186,2024-10-18T10:08:10.707Z,g2g4,10520,Ravenna Protectrice,0.25715226,96
3187,2024-10-18T10:11:02.719Z,d6e5,10521,Cyprian Halluciné,0.8056191,301
3188,2024-10-18T10:12:07.129Z,d6e5,10521,Magnus Secret,0.8056191,245
3194,2024-10-18T10:14:08.623Z,d6e5,10521,Lysithea Inquiétante,0.8056191,189
3195,2024-10-18T10:14:41.835Z,d6b4,10521,Uriah Inflexible,0.27652353,103
3196,2024-10-18T10:15:52.026Z,f5g4,10521,Clarimond Maléfique,0.26189497,97
3197,2024-10-18T10:16:36.699Z,f6g4,10521,Hyacinth Putréfiée,0.27652353,104
3198,2024-10-18T10:16:47.765Z,d7d8,10521,Tempest Vulnérable,0.9115821,342
3203,2024-10-18T10:17:21.676Z,d7e7,10521,Ianthe Anormale,0.96693003,363
3204,2024-10-18T10:17:36.554Z,d6e5,10521,Xerxes Endurci,0.8056191,191
3206,2024-10-18T10:18:36.638Z,f4e5,10522,Jabez Charismatique,0.98345983,369
3207,2024-10-18T10:18:37.353Z,f4e5,10522,Thalia Spectrale,0.98345983,301
3209,2024-10-18T10:18:44.751Z,f4e5,10522,Bram Lugubre,0.98345983,261
3210,2024-10-18T10:19:00.009Z,f4e5,10522,Thaddeus Malfaisant,0.98345983,233
3211,2024-10-18T10:19:19.227Z,d4e5,10522,Lenore Démente,0.7833451,296
3215,2024-10-18T10:19:58.496Z,d4e5,10522,Calypso Cryptique,0.7833451,242
3216,2024-10-18T10:26:02.937Z,d7e7,10523,Cyprian Halluciné,1,376
3217,2024-10-18T10:26:08.369Z,e8g8,10523,Lysithea Inquiétante,0.86319387,324
3219,2024-10-18T10:26:47.103Z,d7e7,10523,Fabian Monstrueux,1,306
3221,2024-10-18T10:27:17.724Z,f5g4,10523,Reginald Dérangé,0.68010104,255
3227,2024-10-18T10:29:10.492Z,f6g4,10523,Ianthe Anormale,0.91569626,346
3228,2024-10-18T10:30:41.169Z,f6g4,10523,Tempest Vulnérable,0.91569626,283
3229,2024-10-18T10:33:32.682Z,e5g7,10524,Bram Lugubre,0.6018212,229
3230,2024-10-18T10:33:36.619Z,e5g7,10524,Jabez Charismatique,0.6018212,187
3232,2024-10-18T10:33:48.003Z,e5g3,10524,Thalia Spectrale,1,380
3233,2024-10-18T10:34:10.786Z,h2h3,10524,Zephyra Impitoyable,0.63231814,240
3234,2024-10-18T10:34:30.350Z,e5g7,10524,Cyprian Intraitable,0.6018212,162
3235,2024-10-18T10:37:19.270Z,a2a4,10524,Lucinda Infernale,0.57028264,218
3236,2024-10-18T10:38:08.670Z,d1e2,10524,Thaddeus Malfaisant,0.70591754,270
3237,2024-10-18T10:41:02.087Z,h8g8,10525,Cyprian Halluciné,0.84864163,324
3238,2024-10-18T10:41:13.340Z,h8g8,10525,Ianthe Anormale,0.84864163,266
3239,2024-10-18T10:41:42.626Z,h8g8,10525,Clarimond Maléfique,0.84864163,231
3240,2024-10-18T10:43:57.086Z,h8g8,10525,Lysithea Inquiétante,0.84864163,210
3241,2024-10-18T10:45:08.588Z,h8g8,10525,Magnus Secret,0.84864163,191
3242,2024-10-18T10:46:13.140Z,h8g8,10525,Xerxes Endurci,0.84864163,176
3244,2024-10-18T10:46:28.502Z,e8c8,10525,Tempest Vulnérable,0.23735723,91
3245,2024-10-18T10:48:13.500Z,h8g8,10525,Fabian Monstrueux,0.84864163,163
3246,2024-10-18T10:48:32.573Z,g7e5,10526,Bram Lugubre,0.9820493,382
3247,2024-10-18T10:48:33.292Z,g7e5,10526,Jabez Charismatique,0.9820493,314
3248,2024-10-18T10:48:37.697Z,e1g1,10526,Endora Orpheline,0.28991732,112
3249,2024-10-18T10:48:46.673Z,g7e5,10526,Thalia Spectrale,0.9820493,274
3250,2024-10-18T10:48:57.737Z,e1g1,10526,Lenore Démente,0.28991732,92
3251,2024-10-18T10:49:00.579Z,f2f3,10526,Belladonna Sardonique,0.18471184,71
3252,2024-10-18T10:49:08.379Z,h2h3,10526,Cyprian Intraitable,0.880393,342
3253,2024-10-18T10:49:59.905Z,e3e4,10526,Ravenna Protectrice,0.66832495,260
3254,2024-10-18T10:50:54.431Z,g7e5,10526,Zephyra Impitoyable,0.9820493,246
3257,2024-10-18T10:55:46.406Z,c3d5,10526,Fenella Cryptique,0.1422532,55
3258,2024-10-18T10:55:55.975Z,d1f3,10526,Valencia Secrète,0.34933323,137
3259,2024-10-18T10:55:59.015Z,e1g1,10526,Thalia Morbide,0.28991732,82
3260,2024-10-18T10:56:17.678Z,g4f2,10527,Azura Sauvage,0.3199363,125
3261,2024-10-18T10:56:19.139Z,g4e5,10527,Cyprian Halluciné,1,391
3262,2024-10-18T10:56:29.660Z,g4e5,10527,Cyprian Instable,1,321
3264,2024-10-18T10:58:02.699Z,a8b8,10527,Ianthe Anormale,0.87520534,344
3265,2024-10-18T10:58:26.252Z,g4e5,10527,Lysithea Inquiétante,1,283
3266,2024-10-18T10:59:57.123Z,g4e5,10527,Magnus Secret,1,254
3267,2024-10-18T11:00:44.130Z,f7f6,10527,Clarimond Maléfique,0.40943706,160
3268,2024-10-18T11:03:32.405Z,d4e5,10528,Bram Lugubre,1,395
3269,2024-10-18T11:03:32.762Z,d4e5,10528,Thalia Spectrale,1,325
3270,2024-10-18T11:03:33.217Z,d4e5,10528,Jabez Charismatique,1,285
3274,2024-10-18T11:05:23.619Z,h2h4,10528,Petronilla Cynique,0.21278933,84
3276,2024-10-18T11:06:29.426Z,f2f3,10528,Cyprian Intraitable,0.22425829,88
3278,2024-10-18T11:09:58.699Z,d4e5,10528,Zephyra Impitoyable,1,256
3279,2024-10-18T11:11:03.219Z,g8g2,10529,Cyprian Halluciné,1,395
3280,2024-10-18T11:11:05.567Z,g8g4,10529,Cyprian Instable,0.629329,248
3281,2024-10-18T11:11:06.219Z,g8g4,10529,Ianthe Anormale,0.629329,205
3282,2024-10-18T11:11:09.632Z,g8g2,10529,Lysithea Inquiétante,1,325
3283,2024-10-18T11:11:46.803Z,c7c5,10529,Reginald Dérangé,0.7396509,292
3284,2024-10-18T11:14:19.576Z,g8g2,10529,Magnus Secret,1,285
3288,2024-10-18T11:18:16.562Z,d7e7,10529,Oberon Diabolique,0.7201239,285
3289,2024-10-18T11:18:32.642Z,d1f3,10530,Bram Lugubre,1,397
3290,2024-10-18T11:18:33.152Z,d1f3,10530,Jabez Charismatique,1,327
3292,2024-10-18T11:19:52.834Z,d1f3,10530,Thalia Spectrale,1,287
3293,2024-10-18T11:20:12.652Z,d1d4,10530,Jabez Crépusculaire,0.93502957,371
3294,2024-10-18T11:20:22.716Z,e1f1,10530,Cyprian Intraitable,0.7129507,284
3297,2024-10-18T11:20:35.321Z,c3b5,10530,Valentin Secret,0.14284319,56
3299,2024-10-18T11:21:23.291Z,d1h5,10530,Zephyra Impitoyable,0.5925418,236
3300,2024-10-18T11:24:16.203Z,d1f3,10530,Lenore Démente,1,260
3301,2024-10-18T11:25:10.636Z,f2f3,10530,Belladonna Sardonique,0.33824098,134
3302,2024-10-18T11:26:03.253Z,g2g6,10531,Cyprian Halluciné,1,398
3306,2024-10-18T11:26:29.663Z,c7c6,10531,Uriah Inflexible,0.22706154,90
3307,2024-10-18T11:26:35.219Z,g2g8,10531,Fabian Monstrueux,0.7564517,301
3308,2024-10-18T11:26:39.677Z,g2g4,10531,Ianthe Anormale,0.7712404,307
3310,2024-10-18T11:27:02.888Z,g2g7,10531,Lysithea Inquiétante,0.7742398,308
3311,2024-10-18T11:27:13.894Z,g2g4,10531,Lazarus Sardonique,0.7712404,254
3317,2024-10-18T11:27:53.424Z,g2g6,10531,Magnus Secret,1,329
3320,2024-10-18T11:27:57.843Z,g2g4,10531,Clarimond Maléfique,0.7712404,222
3321,2024-10-18T11:29:18.074Z,g2g4,10531,Cyprian Instable,0.7712404,200
3322,2024-10-18T11:30:05.341Z,g2g4,10531,Thaddeus Charismatique,0.7712404,184
3323,2024-10-18T11:30:49.538Z,g2g8,10531,Xerxes Endurci,0.7564517,250
3325,2024-10-18T11:31:33.891Z,g2g6,10531,Dorian Acharné,1,292
3326,2024-10-18T11:31:39.058Z,,10531,Percival Terrifiant,0,0
3329,2024-10-18T11:33:32.989Z,h2h3,10532,Jabez Charismatique,0.7078729,284
3331,2024-10-18T11:33:56.309Z,h2h3,10532,Zephyra Impitoyable,0.7078729,208
3333,2024-10-18T11:34:01.922Z,h2h3,10532,Bram Lugubre,0.7078729,188
3337,2024-10-18T11:34:45.307Z,h2h3,10532,Thalia Spectrale,0.7078729,188
3338,2024-10-18T11:34:54.915Z,e1c1,10532,Jabez Crépusculaire,1,404
3342,2024-10-18T11:35:57.123Z,e1c1,10532,Tempest Orpheline,1,336
3343,2024-10-18T11:36:33.194Z,h2h3,10532,Thaddeus Malfaisant,0.7078729,173
3344,2024-10-18T11:36:41.821Z,a1d1,10532,Belladonna Sardonique,0.62806845,255
3345,2024-10-18T11:37:49.543Z,a1d1,10532,Aeronwy Insidieuse,0.62806845,211
3346,2024-10-18T11:38:13.933Z,h2h3,10532,Cyprian Intraitable,0.7078729,160
3347,2024-10-18T11:40:57.100Z,h2h4,10532,Thalassa Malfaisante,0.59262294,241
3350,2024-10-18T11:41:29.363Z,g4c4,10533,Cyprian Halluciné,0.9619667,392
3352,2024-10-18T11:41:49.142Z,g4h4,10533,Tempest Vulnérable,0.7078729,288
3358,2024-10-18T11:42:49.919Z,g4a4,10533,Cyprian Instable,0.5702521,232
3359,2024-10-18T11:42:50.454Z,g4c4,10533,Fabian Monstrueux,0.9619667,286
3360,2024-10-18T11:42:52.871Z,g4g6,10533,Sabine Brumeuse,0.69426614,283
3364,2024-10-18T11:44:10.743Z,g4g6,10533,Ianthe Anormale,0.69426614,234
3365,2024-10-18T11:44:23.065Z,g4b4,10533,Ambrose Inflexible,0.84556836,344
3373,2024-10-18T11:45:53.759Z,g4g7,10533,Lysithea Inquiétante,0.6836075,278
3376,2024-10-18T11:45:58.903Z,g4c4,10533,Clarimond Maléfique,0.9619667,286
3377,2024-10-18T11:47:20.011Z,g4b4,10533,Magnus Secret,0.84556836,286
3378,2024-10-18T11:48:32.700Z,e1c1,10534,Bram Lugubre,0.6073039,248
3379,2024-10-18T11:48:32.860Z,e1c1,10534,Jabez Crépusculaire,0.6073039,206
3380,2024-10-18T11:48:33.067Z,e1c1,10534,Jabez Charismatique,0.6073039,181
3381,2024-10-18T11:48:44.760Z,h1g1,10534,Thalia Spectrale,0.9977945,408
3382,2024-10-18T11:49:00.146Z,e3e4,10534,Thalassa Malfaisante,0.44401553,181
3383,2024-10-18T11:49:09.679Z,e3e4,10534,Archibald Instable,0.44401553,151
3384,2024-10-18T11:49:19.127Z,h1g1,10534,Lenore Démente,0.9977945,339
3385,2024-10-18T11:50:02.511Z,a2a3,10534,Belladonna Sardonique,0.5060773,207
3386,2024-10-18T11:51:30.609Z,e1c1,10534,Thaddeus Malfaisant,0.6073039,164
3387,2024-10-18T11:52:25.039Z,e1c1,10534,Isabeau Inflexible,0.6073039,150
3389,2024-10-18T11:54:07.218Z,f3h5,10534,Zephyra Impitoyable,0.34671235,141
3390,2024-10-18T11:54:44.532Z,c3d5,10534,Oberon Sanguinaire,0.19773993,67
3393,2024-10-18T11:55:54.472Z,h3h4,10534,Archibald Féroce,0.58301264,240
3394,2024-10-18T11:55:58.027Z,h3h4,10534,Mirabelle Combative,0.58301264,200
3396,2024-10-18T11:56:09.027Z,a6a5,10535,Thalia Cryptique,0.4501457,185
3397,2024-10-18T11:56:21.908Z,c4c3,10535,Cyprian Halluciné,0.9739168,401
3398,2024-10-18T11:57:25.087Z,d7c6,10535,Xerxes Endurci,0.8477848,349
3399,2024-10-18T11:57:33.010Z,a8b8,10535,Lazarus Sardonique,0.5711012,235
3400,2024-10-18T11:57:37.461Z,c4c3,10535,Ianthe Anormale,0.9739168,334
3401,2024-10-18T11:57:38.808Z,c7c5,10535,Magnus Secret,0.444827,183
3402,2024-10-18T11:58:31.910Z,a8b8,10535,Uriah Inflexible,0.5711012,196
3403,2024-10-18T11:58:58.951Z,c4c3,10535,Ludovic Erratique,0.9739168,294
3404,2024-10-18T11:59:11.751Z,c4a4,10535,Clarimond Maléfique,0.27318445,112
3405,2024-10-18T11:59:27.725Z,d7c6,10535,Lysithea Inquiétante,0.8477848,291
3406,2024-10-18T12:02:06.792Z,c4c3,10535,Persephone Prédatrice,0.9739168,266
3410,2024-10-18T12:02:42.151Z,a8b8,10535,Tempest Vulnérable,0.5711012,172
3412,2024-10-18T12:03:33.446Z,b2c3,10536,Jabez Charismatique,1,414
3413,2024-10-18T12:03:33.614Z,b2c3,10536,Thalia Spectrale,1,344
3414,2024-10-18T12:03:35.716Z,b2c3,10536,Bram Lugubre,1,304
3415,2024-10-18T12:03:42.203Z,b2c3,10536,Oberon Sanguinaire,1,275
3416,2024-10-18T12:03:44.466Z,b2c3,10536,Cyprian Intraitable,1,253
3417,2024-10-18T12:03:45.850Z,b2c3,10536,Jabez Crépusculaire,1,235
3420,2024-10-18T12:03:56.427Z,b2c3,10536,Belladonna Sardonique,1,219
3421,2024-10-18T12:03:58.022Z,a2a4,10536,Archibald Féroce,0.125757,52
3422,2024-10-18T12:04:23.041Z,b2c3,10536,Zephyra Impitoyable,1,206
3423,2024-10-18T12:05:10.469Z,b2c3,10536,Thalassa Malfaisante,1,194
3424,2024-10-18T12:05:42.570Z,b2c3,10536,Lenore Démente,1,184
3425,2024-10-18T12:11:02.928Z,d7a4,10537,Cyprian Halluciné,1,414
3426,2024-10-18T12:11:02.957Z,f5e4,10537,Fabian Monstrueux,0.4079395,169
3427,2024-10-18T12:11:16.700Z,c7c6,10537,Lazarus Sardonique,0.32607856,135
3428,2024-10-18T12:11:30.082Z,a8b8,10537,Tempest Vulnérable,0.5160177,213
3429,2024-10-18T12:11:33.362Z,d7a4,10537,Magnus Secret,1,344
3431,2024-10-18T12:12:14.674Z,f5e4,10537,Ianthe Anormale,0.4079395,140
3432,2024-10-18T12:12:35.119Z,d7a4,10537,Lysithea Inquiétante,1,304
3433,2024-10-18T12:14:23.861Z,d7a4,10537,Xerxes Endurci,1,275
3434,2024-10-18T12:14:46.469Z,d7e7,10537,Galadriel Énigmatique,0.4268046,176
3435,2024-10-18T12:18:32.603Z,f3e2,10538,Bram Lugubre,1,415
3436,2024-10-18T12:18:32.837Z,f3e2,10538,Jabez Charismatique,1,346
3437,2024-10-18T12:18:33.518Z,f3e2,10538,Thalia Spectrale,1,306
3438,2024-10-18T12:18:49.705Z,c1d2,10538,Jabez Crépusculaire,0.54762465,227
3439,2024-10-18T12:18:54.495Z,d1d2,10538,Cyprian Intraitable,0.46767253,194
3441,2024-10-18T12:19:44.646Z,c1b1,10538,Zephyra Impitoyable,0.11394355,47
3442,2024-10-18T12:21:36.766Z,h1h2,10538,Hyacinth Sombre,0.11394355,47
3446,2024-10-18T12:21:56.428Z,d1d2,10538,Oberon Sanguinaire,0.46767253,162
3447,2024-10-18T12:24:06.794Z,h1g1,10538,Belladonna Sardonique,0.11394355,47
3448,2024-10-18T12:26:04.552Z,a8b8,10539,Cyprian Halluciné,1,415
3449,2024-10-18T12:26:15.359Z,a8b8,10539,Tempest Vulnérable,1,346
3450,2024-10-18T12:26:40.445Z,a4a2,10539,Ianthe Anormale,0.9383387,390
3451,2024-10-18T12:26:45.546Z,a8b8,10539,Lazarus Sardonique,1,306
3452,2024-10-18T12:27:49.025Z,a4a2,10539,Magnus Secret,0.9383387,325
3453,2024-10-18T12:31:38.609Z,a4a2,10539,Lysithea Inquiétante,0.9383387,287
3454,2024-10-18T12:33:32.632Z,h1g1,10540,Thalia Spectrale,1,417
3455,2024-10-18T12:33:33.854Z,h1g1,10540,Bram Lugubre,1,348
3457,2024-10-18T12:34:27.502Z,d1d4,10540,Cyprian Intraitable,0.5786309,241
3458,2024-10-18T12:34:34.054Z,e2h5,10540,Zephyra Impitoyable,0.14358698,59
3459,2024-10-18T12:36:23.661Z,f2f3,10540,Belladonna Sardonique,0.33581948,140
3460,2024-10-18T12:38:47.815+00,d1d4,10540,Jabez Crépusculaire,0.5786309,201
3461,2024-10-18T12:38:48.393Z,d1d4,10540,Jabez Charismatique,0.5786309,177
3462,2024-10-18T12:41:09.919Z,a4a2,10541,Magnus Secret,0.90302837,375
3463,2024-10-18T12:41:12.340Z,a4a2,10541,Cyprian Halluciné,0.90302837,312
3466,2024-10-18T12:41:54.427Z,a4a2,10541,Fabian Monstrueux,0.90302837,250
3467,2024-10-18T12:45:38.138Z,a6a5,10541,Ianthe Anormale,0.041877918,17
3468,2024-10-18T12:47:03.919Z,a4a2,10541,Tempest Vulnérable,0.90302837,250
3469,2024-10-18T12:47:07.707Z,a4a2,10541,Lazarus Sardonique,0.90302837,230
3470,2024-10-18T12:48:32.883Z,c1d2,10542,Thalia Spectrale,0.6638575,277
3471,2024-10-18T12:48:34.538Z,e3e4,10542,Bram Lugubre,0.57952887,241
3473,2024-10-18T12:48:56.601Z,c1d2,10542,Zephyra Impitoyable,0.6638575,231
3475,2024-10-18T12:50:21.560Z,e3e4,10542,Ravenna Protectrice,0.57952887,201
3476,2024-10-18T12:51:14.749Z,c1d2,10542,Endora Orpheline,0.6638575,204
3477,2024-10-18T12:51:31.398Z,e3e4,10542,Jabez Charismatique,0.57952887,178
3478,2024-10-18T12:56:06.772Z,a2c2,10543,Magnus Secret,1,417
3479,2024-10-18T12:56:13.361Z,a2c2,10543,Cyprian Halluciné,1,348
3480,2024-10-18T12:56:27.168Z,a2c2,10543,Tempest Vulnérable,1,307
3484,2024-10-18T12:56:59.227Z,a2c2,10543,Uriah Inflexible,1,278
3485,2024-10-18T12:58:27.361Z,a2c2,10543,Lysithea Inquiétante,1,256
3486,2024-10-18T12:59:13.364Z,a2c2,10543,Persephone Prédatrice,1,238
3492,2024-10-18T13:00:04.101Z,b8b2,10543,Clarimond Maléfique,0.46489236,194
3493,2024-10-18T13:01:15.886Z,f5c2,10543,Ianthe Anormale,0.39958507,166
3494,2024-10-18T13:03:33.026Z,d2e1,10544,Bram Lugubre,0.9602783,402
3495,2024-10-18T13:03:33.492Z,d2e1,10544,Jabez Charismatique,0.9602783,335
3496,2024-10-18T13:04:27.828Z,d2e1,10544,Thalia Spectrale,0.9602783,296
3498,2024-10-18T13:07:27.269Z,d2e1,10544,Zephyra Impitoyable,0.9602783,270
3499,2024-10-18T13:07:52.252Z,,10544,Ophelia Machiavélique,0,0
3500,2024-10-18T13:09:54.340Z,d2e1,10544,Thaddeus Malfaisant,0.9602783,249
3501,2024-10-18T13:11:03.737Z,b8b1,10545,Magnus Secret,0.45235604,189
3502,2024-10-18T13:11:13.757Z,c2c3,10545,Cyprian Halluciné,0.993359,416
3504,2024-10-18T13:11:44.773Z,b8b1,10545,Ianthe Anormale,0.45235604,158
3505,2024-10-18T13:11:56.479Z,b8b1,10545,Lazarus Sardonique,0.45235604,140
3506,2024-10-18T13:12:09.136Z,b8b1,10545,Lysithea Inquiétante,0.45235604,127
3507,2024-10-18T13:12:12.829Z,b8b1,10545,Tempest Vulnérable,0.45235604,117
3509,2024-10-18T13:12:56.506Z,b8b1,10545,Delphinia Prédatrice,0.45235604,109
3511,2024-10-18T13:14:30.217Z,b8b1,10545,Lucian Brillant,0.45235604,102
3513,2024-10-18T13:14:43.808Z,c2c1,10545,Evander Instable,0.6034309,254
3514,2024-10-18T13:18:33.491Z,d4d1,10546,Jabez Charismatique,0.97146755,411
3515,2024-10-18T13:18:33.535Z,d4d1,10546,Bram Lugubre,0.97146755,343
3516,2024-10-18T13:18:47.925Z,d4d1,10546,Thalia Spectrale,0.97146755,304
3519,2024-10-18T13:19:17.047Z,d4d1,10546,Belladonna Sardonique,0.97146755,276
3520,2024-10-18T13:19:17.523Z,d4d1,10546,Zephyra Impitoyable,0.97146755,254
3521,2024-10-18T13:20:06.787Z,d4d1,10546,Thaddeus Malfaisant,0.97146755,237
3524,2024-10-18T13:21:02.661Z,d4d1,10546,Lenore Démente,0.97146755,222
3525,2024-10-18T13:26:06.883Z,c2c3,10547,Cyprian Halluciné,0.9790819,413
3526,2024-10-18T13:26:57.650Z,c2c3,10547,Ianthe Anormale,0.9790819,345
3527,2024-10-18T13:27:19.759Z,b1d1,10547,Tempest Vulnérable,0.88016534,371
3528,2024-10-18T13:27:48.810Z,c2c3,10547,Magnus Secret,0.9790819,305
3529,2024-10-18T13:29:34.911Z,f5d3,10547,Clarimond Maléfique,0.18270999,77
3530,2024-10-18T13:29:46.850Z,b1d1,10547,Lazarus Sardonique,0.88016534,310
3531,2024-10-18T13:32:57.843Z,b1d1,10547,Lysithea Inquiétante,0.88016534,274
3532,2024-10-18T13:33:33.148Z,e2d1,10548,Jabez Charismatique,1,423
3533,2024-10-18T13:33:33.159Z,e2d1,10548,Thalia Spectrale,1,354
3534,2024-10-18T13:33:33.168Z,e2d1,10548,Bram Lugubre,1,313
3535,2024-10-18T13:33:44.525Z,e2d1,10548,Belladonna Sardonique,1,284
3536,2024-10-18T13:33:44.920Z,e2d1,10548,Thaddeus Malfaisant,1,262
3538,2024-10-18T13:37:10.523Z,e2d1,10548,Zephyra Impitoyable,1,244
3539,2024-10-18T13:41:25.239Z,c2c3,10549,Magnus Secret,0.98214096,414
3540,2024-10-18T13:41:34.041Z,c2c3,10549,Cyprian Halluciné,0.98214096,346
3542,2024-10-18T13:42:11.541Z,c2d1,10549,Ianthe Anormale,0.35273838,148
3544,2024-10-18T13:44:00.978Z,c2c3,10549,Lazarus Sardonique,0.98214096,306
3545,2024-10-18T13:44:14.027Z,c2c3,10549,Tempest Vulnérable,0.98214096,278
3547,2024-10-18T13:44:43.591Z,c2c3,10549,Fabian Monstrueux,0.98214096,256
3548,2024-10-18T13:45:20.464Z,c2c3,10549,Lysithea Inquiétante,0.98214096,238
3549,2024-10-18T13:48:32.591Z,d1d2,10550,Jabez Charismatique,0.97434115,412
3550,2024-10-18T13:48:33.009Z,d1d2,10550,Bram Lugubre,0.97434115,345
3551,2024-10-18T13:48:33.094Z,d1d2,10550,Thalia Spectrale,0.97434115,305
3553,2024-10-18T13:49:48.312Z,d1d2,10550,Belladonna Sardonique,0.97434115,255
3554,2024-10-18T13:50:08.056Z,d1d2,10550,Thaddeus Malfaisant,0.97434115,237
3555,2024-10-18T13:50:09.905Z,e1f1,10550,Zephyra Impitoyable,0.9180403,388
3556,2024-10-18T13:56:14.425Z,c3d2,10551,Ianthe Anormale,0.5073153,214
3557,2024-10-18T13:56:17.688Z,c3e5,10551,Cyprian Halluciné,1,421
3560,2024-10-18T13:57:46.274Z,c3a1,10551,Tempest Vulnérable,0.99005723,417
3562,2024-10-18T13:58:21.486Z,c3a1,10551,Lysithea Inquiétante,0.99005723,308
3564,2024-10-18T13:59:06.994Z,c3a1,10551,Evander Instable,0.99005723,280
3565,2024-10-18T13:59:18.239Z,c3c4,10551,Lazarus Sardonique,0.85961074,362
3566,2024-10-18T14:01:22.216Z,c3a1,10551,Magnus Secret,0.99005723,280
3567,2024-10-18T14:02:43.043Z,c3e5,10551,Fabian Monstrueux,1,352
3568,2024-10-18T14:02:54.985Z,c3a1,10551,Uriah Inflexible,0.99005723,258
3569,2024-10-18T14:03:33.287Z,d2d1,10552,Bram Lugubre,0.9783062,414
3570,2024-10-18T14:03:36.648Z,d2d1,10552,Thalia Spectrale,0.9783062,346
3571,2024-10-18T14:03:38.522Z,d2d1,10552,Jabez Charismatique,0.9783062,306
3575,2024-10-18T14:03:55.182Z,d2d1,10552,Zephyra Impitoyable,0.9783062,256
3579,2024-10-18T14:04:37.834Z,d2d1,10552,Belladonna Sardonique,0.9783062,238
3580,2024-10-18T14:04:49.059Z,d2d1,10552,Lenore Démente,0.9783062,238
3581,2024-10-18T14:06:08.461Z,d2d1,10552,Endora Orpheline,0.9783062,223
3582,2024-10-18T14:06:35.416Z,d2d1,10552,Thaddeus Malfaisant,0.9783062,210
3583,2024-10-18T14:11:04.334Z,a1e5,10553,Tempest Vulnérable,1,423
3584,2024-10-18T14:11:20.196Z,a1e5,10553,Cyprian Halluciné,1,354
3586,2024-10-18T14:11:53.694Z,a1c3,10553,Evander Instable,1,423
3587,2024-10-18T14:12:06.179Z,a1e5,10553,Magnus Secret,1,313
3590,2024-10-18T14:13:32.632Z,,10553,Ianthe Anormale,0,0
3592,2024-10-18T14:14:52.523Z,a1e5,10553,Lysithea Inquiétante,1,284
3593,2024-10-18T14:14:59.254Z,a1c3,10553,Clarimond Maléfique,1,354
3594,2024-10-18T14:18:46.960Z,d1d4,10554,Lenore Démente,1,424
3596,2024-10-18T14:26:30.202Z,f7f6,10555,Uriah Inflexible,0.8057726,341
3597,2024-10-18T14:27:20.991Z,e5d6,10555,Tempest Vulnérable,1,423
3598,2024-10-18T14:27:37.289Z,e5d4,10555,Lysithea Inquiétante,0.7152086,302
3601,2024-10-18T14:27:55.574Z,e5d6,10555,Evander Instable,1,354
3602,2024-10-18T14:29:18.079Z,e5d4,10555,Cyprian Halluciné,0.7152086,253
3603,2024-10-18T14:29:19.143Z,e5d4,10555,Magnus Secret,0.7152086,224
3604,2024-10-18T14:40:19.380Z,e3d4,10556,Lenore Démente,0.94988465,403
3605,2024-10-18T14:41:30.336Z,e8d7,10557,Cyprian Halluciné,1,423
3606,2024-10-18T14:41:34.287Z,f5d3,10557,Xerxes Endurci,0.90056425,381
3607,2024-10-18T14:41:39.996Z,a6a5,10557,Tempest Vulnérable,1,423
3608,2024-10-18T14:41:42.706Z,a6a5,10557,Evander Instable,1,354
3609,2024-10-18T14:45:42.268Z,f5e4,10557,Magnus Secret,0.934438,395
3610,2024-10-18T14:46:35.146Z,a6a5,10557,Lysithea Inquiétante,1,313
3611,2024-10-18T14:48:35.098Z,h3h4,10558,Gaius Sardonique,1,424
3612,2024-10-18T14:49:44.926Z,e1e2,10558,Lenore Démente,0.90114117,382
3613,2024-10-18T14:56:12.004Z,a5a4,10559,Tempest Vulnérable,0.87926215,372
3615,2024-10-18T14:57:41.662Z,a5a4,10559,Lysithea Inquiétante,0.87926215,311
3616,2024-10-18T14:58:06.498Z,a5a4,10559,Cyprian Halluciné,0.87926215,275
3619,2024-10-18T15:02:11.103Z,f5c2,10559,Xerxes Endurci,0.69255364,293
3620,2024-10-18T15:02:56.084Z,f5c2,10559,Magnus Secret,0.69255364,245
3621,2024-10-18T15:03:33.735Z,h1a1,10560,Jabez Charismatique,0.9616867,408
3622,2024-10-18T15:07:57.250Z,h3h4,10560,Lenore Démente,0.9046478,384
3623,2024-10-18T15:11:10.032Z,e8d7,10561,Cyprian Halluciné,1,423
3624,2024-10-18T15:11:22.062Z,f5c2,10561,Xerxes Endurci,0.9309429,394
3625,2024-10-18T15:12:36.607Z,f5c2,10561,Magnus Secret,0.9309429,329
3628,2024-10-18T15:16:42.054Z,a4a3,10561,Tempest Vulnérable,0.6700831,283
3629,2024-10-18T15:18:10.709Z,e8d7,10561,Lysithea Inquiétante,1,354
3630,2024-10-18T15:18:38.970Z,h1c1,10562,Lenore Démente,1,424
3632,2024-10-18T15:23:22.162Z,h1c1,10562,Jabez Charismatique,1,355
3633,2024-10-18T15:26:04.582Z,c2b3,10563,Cyprian Halluciné,1,423
3634,2024-10-18T15:27:06.973Z,c2b3,10563,Lysithea Inquiétante,1,354
3635,2024-10-18T15:27:42.138Z,c2b3,10563,Magnus Secret,1,313
3636,2024-10-18T15:29:18.650Z,c2b3,10563,Xerxes Endurci,1,284
3637,2024-10-18T15:34:00.671Z,c1c7,10564,Lenore Démente,1,424
3638,2024-10-18T15:41:43.440Z,a4a3,10565,Cyprian Halluciné,1,423
3639,2024-10-18T15:42:45.105Z,a4a3,10565,Tempest Vulnérable,1,354
3640,2024-10-18T15:47:48.682Z,a4a3,10565,Lysithea Inquiétante,1,313
3643,2024-10-18T15:49:16.983Z,c7c8,10566,Lenore Démente,0.80997753,344
3644,2024-10-18T15:49:57.977Z,e2d3,10566,Jabez Charismatique,0.94983244,403
3645,2024-10-18T15:56:05.626Z,a3a2,10567,Cyprian Halluciné,0.9895495,418
3648,2024-10-18T15:58:57.893Z,a3a2,10567,Lysithea Inquiétante,0.9895495,310
3650,2024-10-18T16:04:21.488Z,b3c4,10567,Fabian Monstrueux,0.9895495,418
3651,2024-10-18T16:05:18.098Z,a3a2,10567,Tempest Vulnérable,0.9895495,281
3652,2024-10-18T16:07:47.626Z,a3a2,10567,Xerxes Endurci,0.9895495,281
3653,2024-10-18T16:11:41.926Z,a3a2,10567,Xanthe Féroce,0.9895495,259
3654,2024-10-18T16:12:33.591Z,c7a7,10568,Lenore Démente,1,424
3655,2024-10-18T16:19:05.471Z,c7a7,10568,Jabez Charismatique,1,355
3656,2024-10-18T16:19:37.042Z,e8f8,10569,Xerxes Endurci,1,423
3657,2024-10-18T16:21:07.027Z,e8f8,10569,Lysithea Inquiétante,1,354
3658,2024-10-18T16:22:01.748Z,e8f8,10569,Xanthe Féroce,1,313
3659,2024-10-18T16:26:35.705Z,b3c4,10569,Cyprian Halluciné,1,424
3660,2024-10-18T16:26:56.896Z,d3c3,10570,Lenore Démente,1,424
3661,2024-10-18T16:27:02.587Z,d3e3,10570,Jabez Charismatique,0.99360573,422
3663,2024-10-18T16:31:06.118Z,d3c3,10570,Bram Lugubre,1,355
3664,2024-10-18T16:34:35.494Z,b3c4,10571,Xanthe Féroce,1,424
3665,2024-10-18T16:34:37.648Z,b3c4,10571,Cyprian Halluciné,1,355
3666,2024-10-18T16:36:00.794Z,b3c4,10571,Lysithea Inquiétante,1,314
3667,2024-10-18T16:36:12.383Z,f8g7,10571,Xerxes Endurci,0.18225068,77
3668,2024-10-18T16:42:20.976Z,c3d2,10572,Jabez Charismatique,1,424
3670,2024-10-18T16:44:03.928Z,a7a8,10572,Bram Lugubre,1,424
3672,2024-10-18T16:44:49.137Z,h4h5,10572,Lenore Démente,1,424
3673,2024-10-18T16:50:35.867Z,f8g7,10573,Cyprian Halluciné,0.9734566,413
3674,2024-10-18T16:53:07.833Z,f8g7,10573,Xanthe Féroce,0.9734566,346
3675,2024-10-18T16:54:02.878Z,f8g7,10573,Fabian Monstrueux,0.9734566,306
3676,2024-10-18T16:55:50.491Z,f8g7,10573,Xerxes Endurci,0.9734566,278
3678,2024-10-18T16:57:48.967Z,h4h5,10574,Lenore Démente,0.5467934,233
3679,2024-10-18T17:00:21.059Z,c3d2,10574,Bram Lugubre,0.5617118,239
3680,2024-10-18T17:04:29.988Z,g7g6,10575,Xerxes Endurci,1,424
3682,2024-10-18T17:05:10.059Z,f7f6,10575,Cyprian Halluciné,0.7583491,322
3687,2024-10-18T17:08:51.601Z,g7h6,10575,Fabian Monstrueux,1,424
3689,2024-10-18T17:09:21.337Z,f7f5,10575,Ianthe Anormale,0.6028203,256
3690,2024-10-18T17:11:18.597Z,g7h6,10575,Xanthe Féroce,1,355
3691,2024-10-18T17:11:58.996Z,d2e3,10576,Jabez Charismatique,0.8587322,366
3692,2024-10-18T17:12:12.288Z,d2c1,10576,Lenore Démente,0.9646814,411
3693,2024-10-18T17:13:24.787Z,a8a3,10576,Bram Lugubre,0.90222543,384
3694,2024-10-18T17:19:27.274Z,h6h5,10577,Xanthe Féroce,0.9743082,413
3695,2024-10-18T17:19:54.763Z,h6h5,10577,Cyprian Halluciné,0.9743082,346
3696,2024-10-18T17:24:11.074Z,h6h5,10577,Lysithea Inquiétante,0.9743082,306
3697,2024-10-18T17:26:54.778Z,c1b2,10578,Lenore Démente,0.9711571,413
3698,2024-10-18T17:34:45.008Z,f7f6,10579,Xerxes Endurci,0.509466,216
3699,2024-10-18T17:34:51.466Z,h5h4,10579,Cyprian Halluciné,0.55912924,237
3700,2024-10-18T17:35:50.456Z,h5h4,10579,Lysithea Inquiétante,0.55912924,198
3701,2024-10-18T17:41:56.829Z,a8h8,10580,Lenore Démente,0.45128608,192
3703,2024-10-18T17:47:53.669Z,a8g8,10580,Bram Lugubre,0.4033727,171
3704,2024-10-18T17:49:51.946Z,h4h3,10581,Cyprian Halluciné,1,424
3705,2024-10-18T17:49:59.258Z,h7h5,10581,Xanthe Féroce,1,424
3709,2024-10-18T17:59:11.731Z,g8g7,10582,Bram Lugubre,0.9671909,412
3713,2024-10-18T18:03:35.428Z,g8g7,10582,Lenore Démente,0.9671909,345
3714,2024-10-18T18:04:57.581Z,f7f5,10583,Cyprian Halluciné,1,424
3715,2024-10-18T18:05:23.453Z,h7h5,10583,Xanthe Féroce,0.48788825,207
3716,2024-10-18T18:12:48.508Z,g7h7,10584,Lenore Démente,0.4255618,181
3717,2024-10-18T18:20:18.082Z,c4d3,10585,Evander Instable,0.392813,167
3718,2024-10-18T18:20:35.680Z,h5h4,10585,Lysithea Inquiétante,0.70778525,301
3719,2024-10-18T18:21:16.331Z,h5h4,10585,Cyprian Halluciné,0.70778525,252
3721,2024-10-18T18:22:26.604Z,h5h4,10585,Xerxes Endurci,0.70778525,203
3722,2024-10-18T18:26:19.950Z,h3g2,10585,Xanthe Féroce,0.6996749,298
3727,2024-10-18T18:30:52.987Z,f2f4,10586,Lenore Démente,0.6310012,268
3729,2024-10-18T18:36:05.285Z,f7f5,10587,Cyprian Halluciné,0.93584394,398
3731,2024-10-18T18:41:43.358Z,f7f5,10587,Xanthe Féroce,0.93584394,334
3732,2024-10-18T18:42:37.403Z,h7e7,10588,Lenore Démente,0.9294866,396
3733,2024-10-18T18:49:29.320Z,h3g3,10589,Cyprian Halluciné,1,426
3734,2024-10-18T18:50:51.576Z,h3g3,10589,Xanthe Féroce,1,356
3735,2024-10-18T19:03:35.172Z,e7h7,10590,Lenore Démente,0.9685772,412
3736,2024-10-18T19:04:33.320Z,h4h3,10591,Cyprian Halluciné,0.99245596,423
3737,2024-10-18T19:04:39.394Z,h4h3,10591,Xanthe Féroce,0.99245596,354
3738,2024-10-18T19:07:15.566Z,h4h3,10591,Fabian Monstrueux,0.99245596,314
3739,2024-10-18T19:12:33.079Z,h7g7,10592,Bram Lugubre,0.9678071,412
3740,2024-10-18T19:13:05.173Z,h7g7,10592,Lenore Démente,0.9678071,345
3741,2024-10-18T19:19:28.182Z,g3f4,10593,Cyprian Halluciné,0.98915344,421
3742,2024-10-18T19:19:28.812Z,g3f4,10593,Xanthe Féroce,0.98915344,353
3745,2024-10-18T19:28:25.187Z,g7g6,10594,Lenore Démente,0.9118842,388
3746,2024-10-18T19:33:07.948Z,g7g1,10594,Bram Lugubre,0.8131445,346
3749,2024-10-18T19:35:18.924Z,h3h2,10595,Cyprian Halluciné,0.85419875,364
3750,2024-10-18T19:37:55.921Z,h3h2,10595,Xerxes Endurci,0.85419875,304
3751,2024-10-18T19:38:57.635Z,h3h2,10595,Xanthe Féroce,0.85419875,270
3753,2024-10-18T19:39:59.707Z,h3h2,10595,Lysithea Inquiétante,0.85419875,245
3754,2024-10-18T19:41:53.337Z,g6h6,10596,Bram Lugubre,1,426
3755,2024-10-18T19:42:04.989Z,g6h6,10596,Lenore Démente,1,356
3756,2024-10-18T19:49:29.038Z,f4g3,10597,Xanthe Féroce,1,426
3757,2024-10-18T19:50:09.621Z,f4g3,10597,Cyprian Halluciné,1,356
3761,2024-10-18T19:59:27.105Z,,10598,Lenore Démente,0,0
3762,2024-10-18T20:00:25.027Z,h6g6,10598,Bram Lugubre,0.97735715,416
3764,2024-10-18T20:04:42.619Z,g3f2,10599,Xanthe Féroce,1,356
3765,2024-10-18T20:04:48.033Z,g3h3,10599,Cyprian Halluciné,1,426
3766,2024-10-18T20:04:52.050Z,g3f2,10599,Xerxes Endurci,1,356
3767,2024-10-18T20:11:59.764Z,g6h6,10600,Bram Lugubre,0.91044337,388
3768,2024-10-18T20:15:21.863Z,b2c2,10600,Thaddeus Malfaisant,0.64219123,273
3769,2024-10-18T20:19:39.198Z,a2a1q,10601,Cyprian Halluciné,0.99202514,422
3770,2024-10-18T20:20:29.926Z,h2h1q,10601,Xerxes Endurci,1,426
3771,2024-10-18T20:21:59.034Z,h2h1q,10601,Xanthe Féroce,1,356
3772,2024-10-18T20:36:04.764Z,a2a1q,10603,Cyprian Halluciné,1,426
3773,2024-10-18T20:37:28.396Z,h1e4,10603,Lysithea Inquiétante,1,426
3774,2024-10-18T20:39:39.907Z,h1b1,10603,Xerxes Endurci,1,426
3775,2024-10-18T20:41:47.148Z,h1e4,10603,Xanthe Féroce,1,356
3776,2024-10-18T20:43:18.383Z,,10604,Bram Lugubre,0,0
3777,2024-10-18T21:43:34.006Z,a7b6,10612,Lysithea Inquiétante,0.9289895,397
3778,2024-10-18T22:18:10.278Z,g8f6,10616,Lysithea Inquiétante,0.9535105,407
3779,2024-10-18T22:32:13.900Z,f6g4,10618,Lysithea Inquiétante,1,427
3780,2024-10-18T22:48:51.682Z,g4e3,10620,Lysithea Inquiétante,0.11740223,50
3781,2024-10-18T23:01:34.632Z,e3f1,10622,Lysithea Inquiétante,1,427
3782,2024-10-19T00:02:25.899Z,a8a4,10630,Lysithea Inquiétante,0.9497369,406
3783,2024-10-19T00:16:38.422Z,a4a1,10632,Lysithea Inquiétante,0.99017847,423
3784,2024-10-19T07:02:05.522Z,b4c4,10686,Ianthe Anormale,1,427
3785,2024-10-19T07:04:49.597Z,d1d2,10687,Archibald Instable,1,429
3786,2024-10-19T07:10:15.587Z,,10687,Wynona Instable,0,0
3788,2024-10-19T07:34:54.403Z,,10691,Wynona Instable,0,0
3791,2024-10-19T07:41:57.978Z,,10691,Cornelius Maléfique,0,0
3792,2024-10-19T07:42:09.873Z,e2e4,10692,Cornelius Maléfique,0.9655965,415
3793,2024-10-19T07:42:34.637Z,e2e4,10692,Wynona Instable,0.9655965,348
3794,2024-10-19T07:50:59.568Z,e7e5,10693,Lysithea Inquiétante,0.9045769,388
3795,2024-10-19T07:55:14.712Z,g8f6,10693,Montague Anxieux,0.778659,336
3796,2024-10-19T08:02:50.563Z,d2d4,10694,Demetrius Anxieux,0.7898527,341
3797,2024-10-19T08:02:53.602Z,g1f3,10694,Jabez Charismatique,0.97764206,422
3798,2024-10-19T08:09:11.642Z,e5d4,10695,Lysithea Inquiétante,1,431
